,,,,,,,,,Passing,Passing,Passing,Passing,Passing,Passing,Passing,Passing,Rushing,Rushing,Rushing,Rushing,Total Offense,Total Offense,Total Offense,Kicking,Kicking,Kicking,Kicking,Punting,Punting,First Downs,First Downs,First Downs,First Downs,Penalties,Penalties,Turnovers,Turnovers,Turnovers,
Rk,Gtm,Date,,Opp.,Rslt,Pts,PtsO,OT,Cmp,Att,Cmp%,Yds,TD,Y/A,AY/A,Rate,Att,Yds,Y/A,TD,Plays,Tot,Avg,FGA,FGM,XPA,XPM,Pnt,Yds,Pass,Rsh,Pen,1stD,Pen,Yds,FL,Int,TO,Bowl
1,1,2025-08-30,,New Mexico,W,34,17,,21,31,67.7,251,1,8.1,8.74,146.4,32,201,6.3,3,63,452,7.2,2,2,4,4,4,170,11,9,0,20,8,65,1,0,1,
2,2,2025-09-06,@,Oklahoma,L,13,24,,9,24,37.5,142,0,5.9,5.92,87.2,32,146,4.6,1,56,288,5.1,3,2,1,1,6,249,5,4,3,12,3,32,0,0,0,
3,3,2025-09-13,,Central Michigan,W,63,3,,16,25,64.0,235,1,9.4,8.40,148.2,55,381,6.9,8,80,616,7.7,1,0,9,9,0,0,13,21,1,35,4,45,0,1,1,
4,4,2025-09-20,@,Nebraska,W,30,27,,12,23,52.2,105,0,4.6,4.57,90.5,33,286,8.7,3,56,391,7.0,3,3,3,3,4,164,7,9,0,16,4,39,1,0,1,
5,5,2025-10-04,,Wisconsin,W,24,10,,19,28,67.9,270,1,9.6,10.36,160.6,34,175,5.1,2,62,445,7.2,2,1,3,3,4,197,10,8,1,19,1,10,0,0,0,
6,6,2025-10-11,@,USC,L,13,31,,15,26,57.7,207,2,8.0,6.04,134.6,31,109,3.5,0,57,316,5.5,0,0,1,1,4,146,8,9,0,17,4,37,0,2,2,
7,7,2025-10-18,,Washington,W,24,7,,21,28,75.0,230,2,8.2,9.64,167.6,40,187,4.7,1,68,417,6.1,2,1,3,3,2,90,12,11,0,23,5,35,0,0,0,
8,8,2025-10-25,@,Michigan State,W,31,20,,8,17,47.1,86,0,5.1,5.06,89.6,49,276,5.6,4,66,362,5.5,1,1,4,4,6,288,4,14,2,20,6,61,1,0,1,
9,9,2025-11-01,,Purdue,W,21,16,,13,22,59.1,145,0,6.6,4.55,105.4,39,253,6.5,3,61,398,6.5,0,0,3,3,4,169,7,12,1,20,4,32,1,1,2,
10,10,2025-11-15,@,Northwestern,W,24,22,,21,32,65.6,280,0,8.8,5.94,126.6,45,216,4.8,3,77,496,6.4,3,1,3,3,1,44,15,9,1,25,4,24,3,2,5,
11,11,2025-11-22,@,Maryland,W,45,20,,16,23,69.6,215,2,9.3,11.09,176.8,50,228,4.6,4,73,443,6.1,2,1,6,6,0,0,9,15,3,27,4,30,0,0,0,
12,12,2025-11-29,,Ohio State,L,9,27,,8,18,44.4,63,0,3.5,1.00,62.7,24,100,4.2,0,42,163,3.9,3,3,0,0,4,145,4,3,2,9,1,3,0,1,1,
13,13,2025-12-31,N,Texas,L,27,41,,23,43,53.5,199,2,4.6,2.42,93.8,38,174,4.6,1,81,373,4.6,3,2,3,3,3,131,8,10,1,19,9,95,0,3,3,Citrus Bowl
1,1,2024-08-31,,Fresno State,W,30,10,,16,27,59.3,121,2,4.5,4.30,113.9,34,148,4.4,0,61,269,4.4,3,3,3,3,4,163,9,8,1,18,5,70,0,1,1,
2,2,2024-09-07,,Texas,L,12,31,,22,33,66.7,204,1,6.2,4.06,116.5,23,80,3.5,0,56,284,5.1,2,2,0,0,2,64,9,4,0,13,4,30,1,2,3,
3,3,2024-09-14,,Arkansas State,W,28,18,,13,18,72.2,134,1,7.4,1.06,119.8,44,301,6.8,3,62,435,7.0,0,0,4,4,3,117,6,14,0,20,7,69,0,3,3,
4,4,2024-09-21,,USC,W,27,24,,7,12,58.3,32,0,2.7,2.67,80.7,46,290,6.3,3,58,322,5.6,0,0,4,3,8,393,0,12,0,12,3,25,2,0,2,
5,5,2024-09-28,,Minnesota,W,27,24,,10,18,55.6,86,1,4.8,3.39,102.9,43,155,3.6,2,61,241,4.0,2,2,3,3,5,234,5,9,1,15,5,54,0,1,1,
6,6,2024-10-05,@,Washington,L,17,27,,13,25,52.0,113,1,4.5,3.52,95.2,37,174,4.7,1,62,287,4.6,1,1,2,2,5,185,7,9,1,17,5,40,1,1,2,
7,7,2024-10-19,@,Illinois,L,7,21,,20,32,62.5,208,0,6.5,5.09,110.9,38,114,3.0,1,70,322,4.6,1,0,1,1,3,98,8,10,2,20,6,61,2,1,3,
8,8,2024-10-26,,Michigan State,W,24,17,,14,20,70.0,146,2,7.3,9.30,164.3,31,119,3.8,1,51,265,5.2,1,1,1,1,5,183,9,7,1,17,0,0,0,0,0,
9,9,2024-11-02,,Oregon,L,17,38,,13,25,52.0,165,2,6.6,8.20,133.8,28,105,3.8,0,53,270,5.1,1,1,2,2,5,226,7,4,0,11,5,35,0,0,0,
10,10,2024-11-09,@,Indiana,L,15,20,,16,32,50.0,137,0,4.3,4.28,86.0,34,69,2.0,1,66,206,3.1,3,3,0,0,5,235,7,6,3,16,3,30,1,0,1,
11,11,2024-11-23,,Northwestern,W,50,6,,26,35,74.3,195,1,5.6,4.86,124.8,35,201,5.7,5,70,396,5.7,2,2,6,6,1,48,9,15,1,25,2,15,0,1,1,
12,12,2024-11-30,@,Ohio State,W,13,10,,9,16,56.3,62,0,3.9,-1.75,63.8,42,172,4.1,1,58,234,4.0,2,2,1,1,3,142,5,6,2,13,4,50,0,2,2,
13,13,2024-12-31,N,Alabama,W,19,13,,11,15,73.3,75,1,5.0,3.33,124.0,51,115,2.3,0,66,190,2.9,4,4,1,1,6,277,5,6,2,13,3,35,0,1,1,ReliaQuest Bowl
1,1,2023-09-02,,East Carolina,W,30,3,,26,31,83.9,280,3,9.0,10.97,191.7,31,122,3.9,1,62,402,6.5,2,1,4,3,2,89,18,4,4,26,5,35,0,0,0,
2,2,2023-09-09,,Nevada-Las Vegas,W,35,7,,23,28,82.1,313,2,11.2,11.00,192.5,33,179,5.4,3,61,492,8.1,0,0,5,5,3,138,14,8,1,23,4,30,0,1,1,
3,3,2023-09-16,,Bowling Green,W,31,6,,8,13,61.5,143,2,11.0,3.69,158.6,31,169,5.5,2,44,312,7.1,1,1,4,4,3,139,5,10,0,15,1,10,1,3,4,
4,4,2023-09-23,,Rutgers,W,31,7,,15,21,71.4,214,1,10.2,11.14,172.7,40,201,5.0,2,61,415,6.8,2,1,4,4,1,39,9,11,0,20,3,18,0,0,0,
5,5,2023-09-30,@,Nebraska,W,45,7,,16,23,69.6,187,3,8.1,10.74,180.9,51,249,4.9,3,74,436,5.9,1,1,6,6,1,65,10,15,1,26,0,0,0,0,0,
6,6,2023-10-07,@,Minnesota,W,52,10,,16,23,69.6,241,1,10.5,11.35,171.9,33,191,5.8,4,56,432,7.7,1,1,7,7,3,128,9,8,1,18,1,10,0,0,0,
7,7,2023-10-14,,Indiana,W,52,7,,19,22,86.4,244,4,11.1,14.73,239.5,42,163,3.9,3,64,407,6.4,1,1,7,7,2,72,13,9,1,23,2,20,0,0,0,
8,8,2023-10-21,@,Michigan State,W,49,0,,28,35,80.0,357,4,10.2,12.49,203.4,34,120,3.5,2,69,477,6.9,0,0,7,7,4,187,18,6,4,28,7,75,0,0,0,
9,9,2023-11-04,,Purdue,W,41,13,,24,37,64.9,335,0,9.1,9.05,140.9,34,110,3.2,5,71,445,6.3,2,2,5,5,4,173,15,5,2,22,1,10,1,0,1,
10,10,2023-11-11,@,Penn State,W,24,15,,7,8,87.5,60,0,7.5,7.50,150.5,46,227,4.9,3,54,287,5.3,1,1,3,3,5,199,4,10,1,15,6,50,0,0,0,
11,11,2023-11-18,@,Maryland,W,31,24,,12,23,52.2,141,0,6.1,4.17,95.0,45,150,3.3,3,68,291,4.3,0,0,3,3,5,236,9,9,2,20,2,25,0,1,1,
12,12,2023-11-25,,Ohio State,W,30,24,,17,21,81.0,182,1,8.7,9.62,169.5,39,156,4.0,2,60,338,5.6,3,3,3,3,3,156,10,8,0,18,3,34,0,0,0,
13,13,2023-12-02,N,Iowa,W,26,0,,22,30,73.3,147,0,4.9,4.90,114.5,34,66,1.9,2,64,213,3.3,4,4,2,2,6,254,9,3,1,13,3,25,0,0,0,
14,14,2024-01-01,N,Alabama,W,27,20,OT,17,27,63.0,221,3,8.2,10.41,168.4,32,130,4.1,1,59,351,5.9,1,0,4,3,6,237,10,5,0,15,2,25,1,0,1,Rose Bowl
15,15,2024-01-08,N,Washington,W,34,13,,10,19,52.6,140,0,7.4,7.37,114.5,38,303,8.0,4,57,443,7.8,2,2,4,4,5,234,6,10,0,16,5,45,0,0,0,College Football Playoff National Championship
1,1,2022-09-03,,Colorado State,W,51,7,,18,28,64.3,206,1,7.4,8.07,137.9,40,234,5.9,4,68,440,6.5,3,3,6,6,2,94,11,14,0,25,1,10,0,0,0,
2,2,2022-09-10,,Hawaii,W,56,10,,17,22,77.3,320,3,14.5,15.23,235.4,33,268,8.1,5,55,588,10.7,0,0,8,8,4,164,11,12,0,23,3,35,0,1,1,
3,3,2022-09-17,,Connecticut,W,59,0,,21,26,80.8,273,1,10.5,11.27,181.7,43,192,4.5,6,69,465,6.7,2,1,8,8,3,156,12,13,1,26,4,24,0,0,0,
4,4,2022-09-24,,Maryland,W,34,27,,18,26,69.2,220,2,8.5,10.00,165.7,40,243,6.1,2,66,463,7.0,3,2,4,4,3,141,10,12,0,22,1,15,1,0,1,
5,5,2022-10-01,@,Iowa,W,27,14,,18,24,75.0,155,1,6.5,7.29,143.0,42,172,4.1,2,66,327,5.0,2,2,3,3,4,172,8,15,1,24,5,50,0,0,0,
6,6,2022-10-08,@,Indiana,W,31,10,,28,36,77.8,304,3,8.4,8.86,170.7,40,165,4.1,1,76,469,6.2,2,1,4,4,3,145,13,11,2,26,10,85,0,1,1,
7,7,2022-10-15,,Penn State,W,41,17,,17,24,70.8,145,0,6.0,4.17,113.3,55,418,7.6,4,79,563,7.1,4,4,3,3,0,0,7,19,2,28,9,61,0,1,1,
8,8,2022-10-29,,Michigan State,W,29,7,,15,26,57.7,167,1,6.4,7.19,124.3,52,276,5.3,1,78,443,5.7,5,5,2,2,1,34,6,19,2,27,4,25,1,0,1,
9,9,2022-11-05,@,Rutgers,W,52,17,,13,27,48.1,151,2,5.6,7.07,119.6,53,282,5.3,4,80,433,5.4,3,1,7,7,4,130,7,14,1,22,3,20,0,0,0,
10,10,2022-11-12,,Nebraska,W,34,3,,10,20,50.0,148,2,7.4,9.40,145.2,49,264,5.4,2,69,412,6.0,2,2,4,4,3,119,6,20,1,27,1,15,0,0,0,
11,11,2022-11-19,,Illinois,W,19,17,,18,34,52.9,208,0,6.1,6.12,104.3,40,168,4.2,1,74,376,5.1,4,4,1,1,4,114,11,6,1,18,4,25,1,0,1,
12,12,2022-11-26,@,Ohio State,W,45,23,,13,25,52.0,278,3,11.1,13.52,185.0,35,252,7.2,3,60,530,8.8,2,1,6,6,5,203,6,7,3,16,5,30,0,0,0,
13,13,2022-12-03,N,Purdue,W,43,22,,11,17,64.7,161,3,9.5,10.35,190.7,38,225,5.9,3,55,386,7.0,0,0,5,5,4,164,9,8,0,17,3,25,0,1,1,
14,14,2022-12-31,N,Texas Christian,L,45,51,,21,35,60.0,342,2,9.8,8.34,149.5,40,186,4.7,3,75,528,7.0,3,3,2,2,5,223,13,7,5,25,5,28,1,2,3,Fiesta Bowl
1,1,2021-09-04,,Western Michigan,W,47,14,,13,17,76.5,216,3,12.7,16.24,241.4,43,335,7.8,3,60,551,9.2,2,2,5,5,2,87,6,15,1,22,5,48,0,0,0,
2,2,2021-09-11,,Washington,W,31,10,,7,15,46.7,44,0,2.9,2.93,71.3,56,343,6.1,4,71,387,5.5,1,1,4,4,4,184,2,17,1,20,6,60,0,0,0,
3,3,2021-09-18,,Northern Illinois,W,63,10,,12,17,70.6,233,1,13.7,14.88,205.1,48,373,7.8,8,65,606,9.3,0,0,9,9,0,0,9,18,1,28,5,45,0,0,0,
4,4,2021-09-25,,Rutgers,W,20,13,,9,16,56.3,163,0,10.2,10.19,141.8,38,112,2.9,2,54,275,5.1,3,2,2,2,5,204,6,6,3,15,6,59,0,0,0,
5,5,2021-10-02,@,Wisconsin,W,38,17,,18,30,60.0,253,3,8.4,8.93,157.2,44,112,2.5,1,74,365,4.9,3,3,3,3,4,179,9,6,0,15,3,10,0,1,1,
6,6,2021-10-09,@,Nebraska,W,32,29,,22,39,56.4,255,0,6.5,5.38,106.2,42,204,4.9,3,81,459,5.7,4,4,2,2,4,203,12,12,2,26,6,55,0,1,1,
7,7,2021-10-23,,Northwestern,W,33,7,,23,32,71.9,163,0,5.1,5.09,114.7,54,294,5.4,4,86,457,5.3,3,2,3,3,3,143,10,16,2,28,4,40,2,0,2,
8,8,2021-10-30,@,Michigan State,L,33,37,,31,48,64.6,406,3,8.5,8.77,152.1,34,146,4.3,0,82,552,6.7,4,4,3,3,2,79,17,8,2,27,8,59,1,1,2,
9,9,2021-11-06,,Indiana,W,29,7,,15,28,53.6,223,2,8.0,7.79,136.9,38,188,4.9,1,66,411,6.2,3,3,2,2,4,174,9,9,1,19,5,35,0,1,1,
10,10,2021-11-13,@,Penn State,W,21,17,,19,29,65.5,217,3,7.5,9.55,162.5,41,144,3.5,0,70,361,5.2,0,0,3,3,5,262,7,13,1,21,4,20,1,0,1,
11,11,2021-11-20,@,Maryland,W,59,18,,29,40,72.5,352,3,8.8,10.30,171.2,35,151,4.3,3,75,503,6.7,1,1,8,8,3,136,10,13,1,24,6,50,0,0,0,
12,12,2021-11-27,,Ohio State,W,42,27,,14,20,70.0,190,0,9.5,7.25,139.8,41,297,7.2,6,61,487,8.0,0,0,6,6,2,90,5,16,3,24,2,20,0,1,1,
13,13,2021-12-04,N,Iowa,W,42,3,,18,28,64.3,250,2,8.9,7.14,148.6,34,211,6.2,4,62,461,7.4,0,0,6,6,5,255,10,9,2,21,4,50,0,2,2,
14,14,2021-12-31,N,Georgia,L,11,34,,18,36,50.0,237,1,6.6,4.64,103.4,27,91,3.4,0,63,328,5.2,1,1,0,0,2,89,9,6,1,16,4,30,1,2,3,Orange Bowl
1,1,2020-10-24,@,Minnesota,W,49,24,,15,25,60.0,225,1,9.0,9.80,148.8,31,253,8.2,5,56,478,8.5,3,0,7,7,1,0,11,6,1,18,7,80,0,0,0,
2,2,2020-10-31,,Michigan State,L,24,27,,32,52,61.5,300,0,5.8,5.77,110.0,34,152,4.5,3,86,452,5.3,1,1,3,3,8,319,18,9,1,28,10,86,0,0,0,
3,3,2020-11-07,@,Indiana,L,21,38,,18,34,52.9,344,3,10.1,9.24,155.3,18,13,0.7,0,52,357,6.9,0,0,3,3,7,375,15,1,1,17,8,89,0,2,2,
4,4,2020-11-14,,Wisconsin,L,11,49,,13,26,50.0,172,1,6.6,3.92,102.9,19,47,2.5,0,45,219,4.9,1,1,0,0,5,212,8,2,0,10,4,40,0,2,2,
5,5,2020-11-21,@,Rutgers,W,48,42,3OT,32,48,66.7,349,4,7.3,8.94,155.2,43,147,3.4,2,91,496,5.5,3,0,6,6,3,137,16,9,4,29,5,40,1,0,1,
6,6,2020-11-28,,Penn State,L,17,27,,13,28,46.4,112,0,4.0,4.00,80.0,27,174,6.4,2,55,286,5.2,1,1,2,2,4,149,3,9,2,14,1,10,1,0,1,
1,1,2019-08-31,,Middle Tennessee State,W,40,21,,19,33,57.6,220,3,6.7,8.48,143.6,45,233,5.2,2,78,453,5.8,2,2,4,4,5,208,12,10,4,26,8,55,2,0,2,
2,2,2019-09-07,,Army,W,24,21,2OT,20,31,64.5,232,0,7.5,7.48,127.4,45,108,2.4,3,76,340,4.5,2,1,3,3,1,61,11,7,5,23,9,58,3,0,3,
3,3,2019-09-21,@,Wisconsin,L,14,35,,17,42,40.5,259,2,6.2,4.98,98.5,19,40,2.1,0,61,299,4.9,0,0,0,0,5,255,10,0,5,15,3,45,2,2,4,
4,4,2019-09-28,,Rutgers,W,52,0,,20,27,74.1,335,2,12.4,12.22,195.3,41,141,3.4,5,68,476,7.0,1,1,7,7,2,95,17,8,3,28,6,35,0,1,1,
5,5,2019-10-05,,Iowa,W,10,3,,14,26,53.8,147,0,5.7,3.92,93.6,32,124,3.9,1,58,271,4.7,3,1,1,1,8,365,7,5,1,13,4,35,0,1,1,
6,6,2019-10-12,@,Illinois,W,42,25,,11,22,50.0,194,3,8.8,11.55,169.1,48,295,6.1,3,70,489,7.0,1,0,6,6,3,133,7,15,3,25,7,54,2,0,2,
7,7,2019-10-19,@,Penn State,L,21,28,,24,41,58.5,276,0,6.7,5.63,110.2,39,141,3.6,3,80,417,5.2,1,0,3,3,5,230,15,8,3,26,8,48,0,1,1,
8,8,2019-10-26,,Notre Dame,W,45,14,,8,14,57.1,134,3,9.6,13.86,208.3,57,303,5.3,3,71,437,6.2,1,1,6,6,7,268,6,14,3,23,4,50,0,0,0,
9,9,2019-11-02,@,Maryland,W,38,7,,16,29,55.2,176,1,6.1,6.76,117.5,34,155,4.6,3,63,331,5.3,2,1,5,5,5,249,6,9,1,16,4,30,0,0,0,
10,10,2019-11-16,,Michigan State,W,44,10,,24,33,72.7,384,4,11.6,14.06,210.5,33,86,2.6,1,66,470,7.1,3,3,5,5,1,47,18,7,3,25,9,91,1,0,1,
11,11,2019-11-23,@,Indiana,W,39,14,,20,32,62.5,366,5,11.4,13.16,203.9,29,87,3.0,0,61,453,7.4,1,1,4,4,4,125,11,7,4,22,6,49,0,1,1,
12,12,2019-11-30,,Ohio State,L,27,56,,18,43,41.9,305,1,7.1,6.51,104.5,26,91,3.5,2,69,396,5.7,2,2,2,1,5,229,14,5,2,21,5,38,1,1,2,
13,13,2020-01-01,N,Alabama,L,16,35,,17,37,45.9,233,1,6.3,4.41,97.0,43,162,3.8,0,80,395,4.9,3,3,1,1,5,182,10,13,0,23,7,61,0,2,2,Citrus Bowl
1,1,2018-09-01,@,Notre Dame,L,17,24,,24,36,66.7,249,0,6.9,5.67,119.2,33,58,1.8,1,69,307,4.4,1,1,2,2,3,131,14,4,2,20,7,52,1,1,2,
2,2,2018-09-08,,Western Michigan,W,49,3,,13,18,72.2,143,4,7.9,12.39,212.3,35,308,8.8,3,53,451,8.5,1,0,7,7,3,170,7,12,1,20,7,55,0,0,0,
3,3,2018-09-15,,SMU,W,45,20,,14,18,77.8,237,3,13.2,14.00,232.3,41,197,4.8,2,59,434,7.4,1,1,6,6,2,100,8,10,3,21,13,137,0,1,1,
4,4,2018-09-22,,Nebraska,W,56,10,,18,31,58.1,206,2,6.6,6.48,128.7,45,285,6.3,4,76,491,6.5,2,2,6,5,3,178,9,12,1,22,8,77,0,1,1,
5,5,2018-09-29,@,Northwestern,W,20,17,,15,24,62.5,196,0,8.2,8.17,131.1,42,180,4.3,2,66,376,5.7,2,2,2,2,6,306,7,10,1,18,11,100,0,0,0,
6,6,2018-10-06,,Maryland,W,42,21,,20,28,71.4,294,3,10.5,11.04,187.8,40,171,4.3,1,68,465,6.8,2,2,4,4,1,45,11,11,2,24,6,52,0,1,1,
7,7,2018-10-13,,Wisconsin,W,38,13,,14,21,66.7,124,0,5.9,5.90,116.3,48,320,6.7,3,69,444,6.4,5,3,3,3,2,91,5,14,2,21,1,15,0,0,0,
8,8,2018-10-20,@,Michigan State,W,21,7,,14,25,56.0,212,2,8.5,10.08,153.6,53,183,3.5,1,78,395,5.1,1,0,3,3,8,366,8,11,0,19,9,99,2,0,2,
9,9,2018-11-03,,Penn State,W,42,7,,11,17,64.7,144,2,8.5,10.82,174.7,52,259,5.0,3,69,403,5.8,1,0,6,6,3,130,6,14,0,20,9,80,0,0,0,
10,10,2018-11-10,@,Rutgers,W,42,7,,18,27,66.7,260,3,9.6,11.85,184.2,40,193,4.8,3,67,453,6.8,0,0,6,6,3,125,14,10,0,24,2,20,0,0,0,
11,11,2018-11-17,,Indiana,W,31,20,,16,28,57.1,250,1,8.9,8.04,136.8,50,257,5.1,1,78,507,6.5,6,6,1,1,1,35,10,13,2,25,4,45,0,1,1,
12,12,2018-11-24,@,Ohio State,L,39,62,,23,38,60.5,240,3,6.3,5.53,129.1,40,161,4.0,2,78,401,5.1,2,2,3,3,4,179,12,10,6,28,7,72,0,2,2,
13,13,2018-12-29,N,Florida,L,15,41,,23,37,62.2,249,1,6.7,4.84,116.8,30,77,2.6,0,67,326,4.9,3,2,1,1,4,164,12,5,1,18,4,22,0,2,2,Peach Bowl