Rk,Gtm,Date,,Opp,Rslt,Tm,Opp,OT,FG,FGA,FG%,3P,3PA,3P%,2P,2PA,2P%,eFG%,FT,FTA,FT%,ORB,DRB,TRB,AST,STL,BLK,TOV,PF,FG,FGA,FG%,3P,3PA,3P%,2P,2PA,2P%,eFG%,FT,FTA,FT%,ORB,DRB,TRB,AST,STL,BLK,TOV,PF,ORtg,DRtg,Pace,FTr,3PAr,TS%,TRB%,AST%,STL%,BLK%,eFG%,TOV%,ORB%,FT/FGA,eFG%,TOV%,ORB%,FT/FGA
1,1,10/20/21,@,POR,W,124,121,,42,92,0.457,17,41,0.415,25,51,0.49,0.549,23,29,0.793,7,36,43,24,6,4,10,22,45,93,0.484,12,35,0.343,33,58,0.569,0.548,19,22,0.864,9,40,49,25,5,5,13,22,118,115.2,105.1,0.315,0.446,0.592,46.7,57.1,5.7,6.9,0.549,8.7,14.9,0.25,0.548,11.2,20,0.204
2,2,10/22/21,,UTA,L,101,110,,39,99,0.394,8,36,0.222,31,63,0.492,0.434,15,21,0.714,16,36,52,20,15,5,15,22,37,90,0.411,16,42,0.381,21,48,0.438,0.5,20,23,0.87,13,38,51,16,14,3,19,17,97.8,106.5,103.3,0.212,0.364,0.467,50.5,51.3,14.5,10.4,0.434,12.2,29.6,0.152,0.5,16,26.5,0.222
3,3,10/24/21,,GSW,L,107,119,,42,86,0.488,15,46,0.326,27,40,0.675,0.576,8,13,0.615,10,37,47,26,0,4,19,16,43,97,0.443,13,37,0.351,30,60,0.5,0.51,20,24,0.833,14,29,43,26,12,3,7,13,109.3,121.5,97.9,0.151,0.535,0.583,52.2,61.9,0,6.7,0.576,17.2,25.6,0.093,0.51,6.1,27.5,0.206
4,4,10/27/21,@,PHO,W,110,107,,42,95,0.442,15,38,0.395,27,57,0.474,0.521,11,15,0.733,8,32,40,28,7,6,12,20,42,93,0.452,6,22,0.273,36,71,0.507,0.484,17,24,0.708,14,42,56,23,6,6,11,16,109.5,106.5,100.5,0.158,0.4,0.541,41.7,66.7,7,8.5,0.521,10.6,16,0.116,0.484,9.6,30.4,0.183
5,5,10/29/21,@,NOP,W,113,109,,40,80,0.5,9,27,0.333,31,53,0.585,0.556,24,25,0.96,3,42,45,19,4,5,14,20,42,98,0.429,9,34,0.265,33,64,0.516,0.474,16,25,0.64,13,36,49,18,9,6,10,22,110.5,106.6,102.3,0.313,0.338,0.621,47.9,47.5,3.9,7.8,0.556,13.3,7.7,0.3,0.474,8.4,23.6,0.163
6,6,10/31/21,@,DAL,L,99,105,,38,96,0.396,7,36,0.194,31,60,0.517,0.432,16,20,0.8,17,39,56,20,6,3,13,19,40,90,0.444,12,37,0.324,28,53,0.528,0.511,13,20,0.65,10,35,45,24,8,4,10,20,102.2,108.4,96.9,0.208,0.375,0.472,55.4,52.6,6.2,5.7,0.432,11,32.7,0.167,0.511,9.2,20.4,0.144
7,7,11/2/21,@,UTA,L,113,119,,42,93,0.452,12,31,0.387,30,62,0.484,0.516,17,24,0.708,6,32,38,24,8,8,11,24,43,98,0.439,14,48,0.292,29,50,0.58,0.51,19,27,0.704,15,44,59,16,7,6,17,23,105.6,111.2,107,0.258,0.333,0.546,39.2,57.1,7.5,16,0.516,9.6,12,0.183,0.51,13.4,31.9,0.194
8,8,11/3/21,,NOP,W,112,99,,42,80,0.525,10,30,0.333,32,50,0.64,0.588,18,22,0.818,4,33,37,27,8,7,8,21,37,86,0.43,12,34,0.353,25,52,0.481,0.5,13,15,0.867,8,32,40,24,1,3,17,16,117.2,103.6,95.5,0.275,0.375,0.624,48.1,64.3,8.4,13.5,0.588,8.2,11.1,0.225,0.5,15.5,19.5,0.151
9,9,11/5/21,,CHO,W,140,110,,48,87,0.552,22,44,0.5,26,43,0.605,0.678,22,26,0.846,13,43,56,29,5,1,18,21,43,92,0.467,11,35,0.314,32,57,0.561,0.527,13,21,0.619,7,21,28,29,8,5,10,19,138.3,108.6,101.3,0.299,0.506,0.711,66.7,60.4,4.9,1.8,0.678,15.5,38.2,0.253,0.527,9,14,0.141
10,10,11/7/21,,IND,L,91,94,,31,84,0.369,10,34,0.294,21,50,0.42,0.429,19,22,0.864,8,25,33,20,14,6,12,18,37,83,0.446,6,25,0.24,31,58,0.534,0.482,14,18,0.778,13,41,54,13,8,7,21,24,95.8,99,95,0.262,0.405,0.486,37.9,64.5,14.7,10.3,0.429,11.4,16.3,0.226,0.482,18.8,34.2,0.169
11,11,11/8/21,,PHO,L,104,109,,37,82,0.451,10,24,0.417,27,58,0.466,0.512,20,26,0.769,8,38,46,18,6,6,24,18,44,93,0.473,12,30,0.4,32,63,0.508,0.538,9,11,0.818,5,33,38,28,14,9,15,21,97.5,102.2,106.7,0.317,0.293,0.557,54.8,48.6,5.6,9.5,0.512,20.4,19.5,0.244,0.538,13.3,11.6,0.097
12,12,11/10/21,@,SAS,L,117,136,,47,91,0.516,10,36,0.278,37,55,0.673,0.571,13,16,0.813,11,33,44,20,4,6,15,26,49,92,0.533,18,32,0.563,31,60,0.517,0.63,20,31,0.645,12,31,43,34,11,3,8,16,116.9,135.9,100.1,0.176,0.396,0.597,50.6,42.6,4,10,0.571,13.3,26.2,0.143,0.63,7,26.7,0.217
13,13,11/12/21,@,OKC,L,103,105,,38,95,0.4,14,41,0.341,24,54,0.444,0.474,13,17,0.765,11,38,49,20,5,7,14,12,42,99,0.424,10,30,0.333,32,69,0.464,0.475,11,15,0.733,16,36,52,13,8,6,10,18,103.8,105.8,99.2,0.179,0.432,0.503,48.5,52.6,5,10.1,0.474,12,23.4,0.137,0.475,8.7,29.6,0.111
14,14,11/15/21,@,DET,W,129,107,,52,98,0.531,16,33,0.485,36,65,0.554,0.612,9,11,0.818,11,36,47,32,11,5,14,17,39,96,0.406,13,47,0.277,26,49,0.531,0.474,16,17,0.941,16,31,47,23,7,2,18,10,125.5,104.1,102.8,0.112,0.337,0.627,50,61.5,10.7,10.2,0.612,12,26.2,0.092,0.474,14.8,30.8,0.167
15,15,11/17/21,@,MIN,L,97,107,,34,93,0.366,10,38,0.263,24,55,0.436,0.419,19,25,0.76,20,27,47,19,7,3,20,22,41,82,0.5,10,36,0.278,31,46,0.674,0.561,15,18,0.833,10,25,35,20,8,10,17,24,102.5,113.1,94.6,0.269,0.409,0.466,57.3,55.9,7.4,6.5,0.419,16.1,44.4,0.204,0.561,15.9,27,0.183
16,16,11/19/21,,TOR,L,89,108,,32,84,0.381,9,37,0.243,23,47,0.489,0.435,16,25,0.64,11,29,40,15,8,4,15,18,38,84,0.452,12,31,0.387,26,53,0.491,0.524,20,24,0.833,13,40,53,20,9,9,17,24,92.5,112.3,96.2,0.298,0.44,0.468,43,46.9,8.3,7.5,0.435,13.6,21.6,0.19,0.524,15.2,31,0.238
17,17,11/20/21,,UTA,L,105,123,,41,91,0.451,10,31,0.323,31,60,0.517,0.505,13,21,0.619,8,27,35,20,8,5,8,14,46,91,0.505,17,39,0.436,29,52,0.558,0.599,14,17,0.824,14,38,52,20,5,2,13,16,109.1,127.8,96.2,0.231,0.341,0.524,40.2,48.8,8.3,9.6,0.505,7.4,17.4,0.143,0.599,11.7,34.1,0.154
18,18,11/22/21,,PHI,L,94,102,,33,80,0.413,7,31,0.226,26,49,0.531,0.456,21,29,0.724,11,38,49,17,4,0,14,19,36,85,0.424,9,32,0.281,27,53,0.509,0.476,21,27,0.778,11,34,45,19,9,6,7,20,102,110.7,92.2,0.363,0.388,0.507,52.1,51.5,4.3,0,0.456,13.1,24.4,0.263,0.476,6.7,22.4,0.247
19,19,11/24/21,,POR,W,125,121,,45,86,0.523,12,33,0.364,33,53,0.623,0.593,23,34,0.676,14,29,43,21,4,4,14,21,44,94,0.468,12,38,0.316,32,56,0.571,0.532,21,25,0.84,13,30,43,27,9,1,15,26,123.7,119.8,101,0.395,0.384,0.619,50,46.7,4,7.1,0.593,12.2,31.8,0.267,0.532,12.5,31,0.223
20,20,11/26/21,@,LAL,W,141,137,3OT,54,120,0.45,14,45,0.311,40,75,0.533,0.508,19,29,0.655,16,40,56,32,11,4,15,26,51,102,0.5,15,44,0.341,36,58,0.621,0.574,20,28,0.714,9,42,51,32,9,6,19,27,113.1,109.9,95,0.242,0.375,0.531,52.3,59.3,8.8,6.9,0.508,10.2,27.6,0.158,0.574,14.3,18.4,0.196
21,21,11/28/21,@,MEM,L,101,128,,33,97,0.34,9,42,0.214,24,55,0.436,0.387,26,37,0.703,12,37,49,17,5,8,8,18,50,104,0.481,13,39,0.333,37,65,0.569,0.543,15,20,0.75,14,54,68,30,4,11,10,25,94.6,119.9,106.7,0.381,0.433,0.446,41.9,51.5,4.7,12.3,0.387,6.6,18.2,0.268,0.543,8.1,27.5,0.144
22,22,11/30/21,,LAL,L,92,117,,35,79,0.443,6,29,0.207,29,50,0.58,0.481,16,22,0.727,9,31,40,22,11,4,20,21,46,92,0.5,11,28,0.393,35,64,0.547,0.56,14,20,0.7,10,37,47,21,10,6,15,20,91.3,116.1,100.8,0.278,0.367,0.519,46,62.9,10.9,6.3,0.481,18.4,19.6,0.203,0.56,13,24.4,0.152
23,23,12/1/21,@,LAC,W,124,115,,46,88,0.523,15,38,0.395,31,50,0.62,0.608,17,20,0.85,7,31,38,28,8,1,12,16,47,100,0.47,9,31,0.29,38,69,0.551,0.515,12,16,0.75,17,32,49,35,8,6,13,15,124.5,115.4,99.6,0.227,0.432,0.64,43.7,60.9,8,1.4,0.608,11,17.9,0.193,0.515,10.8,35.4,0.12
24,24,12/4/21,,LAC,W,104,99,,36,86,0.419,12,34,0.353,24,52,0.462,0.488,20,25,0.8,11,40,51,19,8,8,17,25,34,89,0.382,13,34,0.382,21,55,0.382,0.455,18,27,0.667,9,38,47,23,7,3,18,24,100,95.2,104,0.291,0.395,0.536,52,52.8,7.7,14.5,0.488,14.9,22.4,0.233,0.455,15.1,18.4,0.202
25,25,12/8/21,,ORL,W,142,130,,53,97,0.546,15,34,0.441,38,63,0.603,0.624,21,25,0.84,12,31,43,24,8,7,8,22,48,97,0.495,16,34,0.471,32,63,0.508,0.577,18,23,0.783,17,26,43,29,2,5,13,18,141.5,129.5,100.4,0.258,0.351,0.657,50,45.3,8,11.1,0.624,6.9,31.6,0.216,0.577,10.8,35.4,0.186
26,26,12/10/21,@,CHO,L,123,124,,48,101,0.475,14,41,0.341,34,60,0.567,0.545,13,17,0.765,20,28,48,22,11,4,14,20,48,87,0.552,14,35,0.4,34,52,0.654,0.632,14,20,0.7,11,28,39,29,9,8,16,20,124.6,125.6,98.7,0.168,0.406,0.567,55.2,45.8,11.1,7.7,0.545,11.4,41.7,0.129,0.632,14.3,28.2,0.161
27,27,12/11/21,@,CLE,L,103,117,,41,93,0.441,7,28,0.25,34,65,0.523,0.478,14,22,0.636,11,37,48,19,8,6,17,21,41,88,0.466,12,31,0.387,29,57,0.509,0.534,23,28,0.821,7,40,47,27,13,6,14,24,97.2,110.4,106,0.237,0.301,0.502,50.5,46.3,7.5,10.5,0.478,14.2,21.6,0.151,0.534,12.2,15.9,0.261
28,28,12/13/21,@,TOR,L,101,124,,38,94,0.404,11,34,0.324,27,60,0.45,0.463,14,21,0.667,19,34,53,21,5,4,17,16,53,98,0.541,11,31,0.355,42,67,0.627,0.597,7,10,0.7,8,38,46,28,10,8,10,19,99.9,122.6,101.1,0.223,0.362,0.489,53.5,55.3,4.9,6,0.463,14.1,33.3,0.149,0.597,8.9,19,0.071
29,29,12/15/21,,WAS,W,119,105,,45,82,0.549,8,26,0.308,37,56,0.661,0.598,21,29,0.724,6,33,39,25,7,6,11,21,42,89,0.472,5,24,0.208,37,65,0.569,0.5,16,21,0.762,7,32,39,20,8,3,11,22,120.2,106.1,99,0.354,0.317,0.628,50,55.6,7.1,9.2,0.598,10.4,15.8,0.256,0.5,10.1,17.5,0.18
30,30,12/17/21,,MEM,L,105,124,,36,88,0.409,13,35,0.371,23,53,0.434,0.483,20,26,0.769,10,35,45,21,5,6,18,20,45,97,0.464,13,24,0.542,32,73,0.438,0.531,21,27,0.778,12,38,50,25,11,3,13,21,99.3,117.3,105.7,0.295,0.398,0.528,47.4,58.3,4.7,8.2,0.483,15.3,20.8,0.227,0.531,10.7,25.5,0.216
31,31,12/19/21,,SAS,W,121,114,,46,91,0.505,14,25,0.56,32,66,0.485,0.582,15,18,0.833,11,29,40,23,11,3,12,19,45,91,0.495,12,25,0.48,33,66,0.5,0.56,12,13,0.923,13,31,44,24,7,8,14,12,125.7,118.4,96.3,0.198,0.275,0.612,47.6,50,11.4,4.5,0.582,10.8,26.2,0.165,0.56,12.6,31,0.132
32,32,12/20/21,@,GSW,L,98,113,,37,83,0.446,13,32,0.406,24,51,0.471,0.524,11,16,0.688,6,31,37,23,10,3,21,9,46,88,0.523,15,37,0.405,31,51,0.608,0.608,6,9,0.667,10,32,42,28,12,9,16,18,98.4,113.4,99.6,0.193,0.386,0.544,46.8,62.2,10,5.9,0.524,18.9,15.8,0.133,0.608,14.8,24.4,0.068
33,33,12/22/21,,LAC,L,89,105,,34,85,0.4,12,38,0.316,22,47,0.468,0.471,9,12,0.75,7,33,40,24,7,5,19,15,42,82,0.512,7,24,0.292,35,58,0.603,0.555,14,16,0.875,6,37,43,26,10,3,13,15,91.3,107.7,97.5,0.141,0.447,0.493,48.2,70.6,7.2,8.6,0.471,17.4,15.9,0.106,0.555,12.7,15.4,0.171
34,34,12/26/21,,MEM,L,102,127,,34,81,0.42,10,29,0.345,24,52,0.462,0.481,24,27,0.889,9,29,38,22,7,9,18,23,47,100,0.47,9,30,0.3,38,70,0.543,0.515,24,30,0.8,19,34,53,33,11,6,12,19,101.6,126.5,100.4,0.333,0.358,0.549,41.8,64.7,7,12.9,0.481,16.2,20.9,0.296,0.515,9.6,39.6,0.24
35,35,12/28/21,,OKC,W,117,111,,40,95,0.421,17,39,0.436,23,56,0.411,0.511,20,27,0.741,11,46,57,25,3,9,10,22,35,90,0.389,11,33,0.333,24,57,0.421,0.45,30,36,0.833,8,37,45,16,6,6,9,21,113,107.2,103.5,0.284,0.411,0.547,55.9,62.5,2.9,15.8,0.511,8.6,22.9,0.211,0.45,7.8,14.8,0.333
36,36,12/29/21,,DAL,W,95,94,,36,75,0.48,10,26,0.385,26,49,0.531,0.547,13,15,0.867,7,31,38,21,5,2,15,21,38,81,0.469,9,24,0.375,29,57,0.509,0.525,9,13,0.692,7,29,36,23,7,5,13,19,106.4,105.3,89.3,0.2,0.347,0.582,51.4,58.3,5.6,3.5,0.547,15.5,19.4,0.173,0.525,13,18.4,0.111
37,37,12/31/21,,DAL,L,96,112,,38,91,0.418,10,29,0.345,28,62,0.452,0.473,10,12,0.833,8,25,33,25,7,4,10,16,42,81,0.519,9,22,0.409,33,59,0.559,0.574,19,22,0.864,10,37,47,30,5,7,13,14,102.9,120,93.3,0.132,0.319,0.499,41.3,65.8,7.5,6.8,0.473,9.4,17.8,0.11,0.574,12.5,28.6,0.235
38,38,1/2/22,,MIA,W,115,113,,40,78,0.513,13,34,0.382,27,44,0.614,0.596,22,27,0.815,7,32,39,31,3,2,16,18,46,105,0.438,9,33,0.273,37,72,0.514,0.481,12,12,1,18,31,49,26,4,3,9,18,118.9,116.9,96.7,0.346,0.436,0.64,44.3,77.5,3.1,2.8,0.596,15.1,18.4,0.282,0.481,7.5,36,0.114
39,39,1/4/22,@,LAL,L,114,122,,43,83,0.518,14,34,0.412,29,49,0.592,0.602,14,18,0.778,9,36,45,31,2,3,18,18,49,99,0.495,11,32,0.344,38,67,0.567,0.551,13,20,0.65,14,30,44,24,6,5,5,16,116.7,124.9,97.7,0.217,0.41,0.627,50.6,72.1,2,4.5,0.602,16.5,23.1,0.169,0.551,4.4,28,0.131
40,40,1/5/22,,ATL,L,102,108,,38,90,0.422,11,27,0.407,27,63,0.429,0.483,15,20,0.75,10,37,47,15,6,1,11,20,39,86,0.453,8,30,0.267,31,56,0.554,0.5,22,30,0.733,10,38,48,20,8,5,10,14,104.8,110.9,97.4,0.222,0.3,0.516,49.5,39.5,6.2,1.8,0.483,10,20.8,0.167,0.5,9.2,21.3,0.256
41,41,1/7/22,@,DEN,L,111,121,,40,92,0.435,11,29,0.379,29,63,0.46,0.495,20,24,0.833,12,35,47,21,6,3,12,19,47,85,0.553,12,34,0.353,35,51,0.686,0.624,15,24,0.625,5,36,41,32,5,7,8,20,112.6,122.7,98.6,0.261,0.315,0.541,53.4,52.5,6.1,5.9,0.495,10.5,25,0.217,0.624,7.7,12.5,0.176
42,42,1/9/22,@,POR,L,88,103,,33,85,0.388,7,31,0.226,26,54,0.481,0.429,15,21,0.714,8,38,46,20,8,5,12,17,37,88,0.42,17,40,0.425,20,48,0.417,0.517,12,15,0.8,10,38,48,26,6,5,17,23,90.1,105.4,97.7,0.247,0.365,0.467,48.9,60.6,8.2,10.4,0.429,11.3,17.4,0.176,0.517,15.2,20.8,0.136
43,43,1/10/22,,CLE,L,108,109,,39,91,0.429,14,30,0.467,25,61,0.41,0.505,16,22,0.727,15,28,43,20,10,3,12,16,43,87,0.494,10,34,0.294,33,53,0.623,0.552,13,15,0.867,14,34,48,29,6,8,17,18,114.2,115.3,94.5,0.242,0.33,0.536,47.3,51.3,10.6,5.7,0.505,10.6,30.6,0.176,0.552,15.4,33.3,0.149
44,44,1/12/22,,LAL,W,125,116,,49,89,0.551,11,30,0.367,38,59,0.644,0.612,16,19,0.842,8,37,45,28,8,7,13,20,42,98,0.429,16,47,0.34,26,51,0.51,0.51,16,24,0.667,15,30,45,25,6,3,9,19,125.1,116.1,100,0.213,0.337,0.642,50,57.1,8,13.7,0.612,11.8,21.1,0.18,0.51,7.7,28.8,0.163
45,45,1/14/22,,HOU,W,126,114,,48,96,0.5,13,37,0.351,35,59,0.593,0.568,17,24,0.708,13,40,53,33,8,7,14,23,44,101,0.436,13,43,0.302,31,58,0.534,0.5,13,16,0.813,13,37,50,25,7,4,17,19,116.8,105.7,107.8,0.25,0.385,0.591,51.5,68.8,7.4,12.1,0.568,11.6,26,0.177,0.5,13.6,24.5,0.129
46,46,1/16/22,,HOU,L,112,118,,41,91,0.451,12,38,0.316,29,53,0.547,0.516,18,24,0.75,7,30,37,26,16,2,12,24,41,76,0.539,16,40,0.4,25,36,0.694,0.645,20,24,0.833,4,43,47,22,6,3,23,20,107,112.8,104.7,0.264,0.418,0.551,44,63.4,15.3,5.6,0.516,10.6,14,0.198,0.645,21,11.8,0.263
47,47,1/19/22,,DET,L,131,133,,44,84,0.524,12,27,0.444,32,57,0.561,0.595,31,44,0.705,8,27,35,22,4,8,7,17,46,91,0.505,15,36,0.417,31,55,0.564,0.588,26,30,0.867,13,28,41,27,3,6,9,26,134.1,136.1,97.7,0.524,0.321,0.634,46.1,50,4.1,14.5,0.595,6.3,22.2,0.369,0.588,8,32.5,0.286
48,48,1/22/22,@,MIL,L,127,133,,51,97,0.526,15,37,0.405,36,60,0.6,0.603,10,16,0.625,13,35,48,29,4,2,14,20,45,91,0.495,21,42,0.5,24,49,0.49,0.61,22,25,0.88,9,34,43,19,12,0,7,14,125.9,131.9,100.9,0.165,0.381,0.61,52.7,56.9,4,4.1,0.603,11.9,27.7,0.103,0.61,6.4,20.5,0.242
49,49,1/25/22,@,BOS,L,75,128,,29,95,0.305,6,33,0.182,23,62,0.371,0.337,11,15,0.733,15,30,45,15,7,8,12,14,51,103,0.495,20,45,0.444,31,58,0.534,0.592,6,7,0.857,17,50,67,32,6,6,11,12,77.6,132.4,96.7,0.158,0.347,0.369,40.2,51.7,7.2,13.8,0.337,10.6,23.1,0.116,0.592,9.4,36.2,0.058
50,50,1/26/22,@,ATL,L,104,121,,39,93,0.419,12,40,0.3,27,53,0.509,0.484,14,19,0.737,10,32,42,23,6,3,12,20,48,90,0.533,12,36,0.333,36,54,0.667,0.6,13,17,0.765,6,42,48,29,9,2,9,18,103.9,120.9,100.1,0.204,0.43,0.513,46.7,59,6,5.6,0.484,10.6,19.2,0.151,0.6,8.5,15.8,0.144
51,51,1/29/22,@,PHI,L,101,103,,36,82,0.439,12,35,0.343,24,47,0.511,0.512,17,20,0.85,10,33,43,24,9,2,13,21,36,70,0.514,12,30,0.4,24,40,0.6,0.6,19,26,0.731,3,33,36,24,8,3,18,17,108.1,110.2,93.5,0.244,0.427,0.556,54.4,66.7,9.6,5,0.512,12.5,23.3,0.207,0.6,18.1,8.3,0.271
52,52,1/31/22,@,NYK,L,96,116,,37,86,0.43,11,38,0.289,26,48,0.542,0.494,11,22,0.5,9,27,36,24,6,5,16,23,40,80,0.5,13,35,0.371,27,45,0.6,0.581,23,29,0.793,8,39,47,25,12,5,17,20,96.1,116.1,99.9,0.256,0.442,0.502,43.4,64.9,6,11.1,0.494,14.3,18.8,0.128,0.581,15.5,22.9,0.288
53,53,2/2/22,,BRK,W,112,101,,41,93,0.441,14,42,0.333,27,51,0.529,0.516,16,18,0.889,15,33,48,23,8,7,14,15,41,84,0.488,8,25,0.32,33,59,0.559,0.536,11,14,0.786,10,30,40,22,7,12,13,16,119.4,107.7,93.8,0.194,0.452,0.555,54.5,56.1,8.5,11.9,0.516,12.2,33.3,0.172,0.536,12.6,23.3,0.131
54,54,2/3/22,@,GSW,L,114,126,,42,80,0.525,11,31,0.355,31,49,0.633,0.594,19,23,0.826,5,20,25,29,13,3,16,16,47,84,0.56,20,42,0.476,27,42,0.643,0.679,12,16,0.75,9,31,40,27,11,3,16,19,117.7,130.1,96.8,0.288,0.388,0.632,38.5,69,13.4,7.1,0.594,15.1,13.9,0.238,0.679,14.9,31,0.143
55,55,2/5/22,,OKC,W,113,103,,43,83,0.518,12,32,0.375,31,51,0.608,0.59,15,22,0.682,7,40,47,30,13,4,16,15,42,87,0.483,9,30,0.3,33,57,0.579,0.534,10,16,0.625,7,34,41,23,8,1,14,16,112.6,102.6,100.4,0.265,0.386,0.61,53.4,69.8,13,7,0.59,14.7,17.1,0.181,0.534,13,14.9,0.115
56,56,2/8/22,,MIN,L,114,134,,41,83,0.494,9,25,0.36,32,58,0.552,0.548,23,26,0.885,5,33,38,29,4,3,19,20,50,104,0.481,22,44,0.5,28,60,0.467,0.587,12,17,0.706,16,33,49,34,10,4,14,24,107.3,126.2,106.2,0.313,0.301,0.604,43.7,70.7,3.8,5,0.548,16.7,13.2,0.277,0.587,11.2,32.7,0.115
57,57,2/9/22,,MIN,W,132,119,,48,93,0.516,12,30,0.4,36,63,0.571,0.581,24,27,0.889,11,40,51,32,4,7,14,19,44,98,0.449,16,46,0.348,28,52,0.538,0.531,15,18,0.833,6,28,34,28,4,6,10,21,124.6,112.3,105.9,0.29,0.323,0.629,60,66.7,3.8,13.5,0.581,11.8,28.2,0.258,0.531,8.6,13,0.153
58,58,2/12/22,@,WAS,W,123,110,,43,76,0.566,12,28,0.429,31,48,0.646,0.645,25,29,0.862,6,36,42,27,4,2,14,20,41,88,0.466,13,38,0.342,28,50,0.56,0.54,15,21,0.714,10,22,32,26,11,3,10,19,129.8,116.1,94.8,0.382,0.368,0.693,56.8,62.8,4.2,4,0.645,13.6,21.4,0.329,0.54,9.3,21.7,0.17
59,59,2/14/22,@,BRK,L,85,109,,31,90,0.344,9,35,0.257,22,55,0.4,0.394,14,18,0.778,11,32,43,12,8,4,18,17,43,84,0.512,9,26,0.346,34,58,0.586,0.565,14,15,0.933,6,43,49,25,7,5,18,22,83.6,107.2,101.7,0.2,0.389,0.434,46.7,38.7,7.9,6.9,0.394,15.5,20.4,0.156,0.565,16.6,15.8,0.167
60,60,2/16/22,@,CHI,L,118,125,,43,84,0.512,12,30,0.4,31,54,0.574,0.583,20,22,0.909,7,29,36,24,9,3,13,14,47,94,0.5,12,29,0.414,35,65,0.538,0.564,19,20,0.95,13,34,47,25,8,2,13,16,119.3,126.4,98.9,0.262,0.357,0.63,43.4,55.8,9.1,4.6,0.583,12.2,17.1,0.238,0.564,11.2,31,0.202
61,61,2/24/22,,DEN,L,110,128,,43,86,0.5,9,29,0.31,34,57,0.596,0.552,15,18,0.833,6,28,34,25,5,8,15,17,48,86,0.558,15,35,0.429,33,51,0.647,0.645,17,20,0.85,3,36,39,30,12,4,17,24,105.4,122.7,104.3,0.209,0.337,0.586,46.6,58.1,4.8,15.7,0.552,13.8,14.3,0.174,0.645,15.2,9.7,0.198
62,62,2/26/22,@,DEN,L,110,115,,38,89,0.427,9,30,0.3,29,59,0.492,0.478,25,33,0.758,9,36,45,24,4,3,13,25,38,82,0.463,16,43,0.372,22,39,0.564,0.561,23,29,0.793,4,41,45,29,5,2,15,25,105.1,109.9,104.6,0.371,0.337,0.531,50,63.2,3.8,7.7,0.478,11.2,18,0.281,0.561,13.7,10,0.28
63,63,2/28/22,@,OKC,W,131,110,,49,87,0.563,10,31,0.323,39,56,0.696,0.621,23,30,0.767,11,35,46,30,10,6,17,25,40,86,0.465,11,35,0.314,29,51,0.569,0.529,19,27,0.704,7,31,38,28,12,5,17,26,124.2,104.3,105.5,0.345,0.356,0.654,54.8,61.2,9.5,11.8,0.621,14.5,26.2,0.264,0.529,14.8,16.7,0.221
64,64,3/2/22,@,NOP,L,95,125,,35,89,0.393,8,35,0.229,27,54,0.5,0.438,17,25,0.68,12,26,38,20,9,4,11,19,52,88,0.591,11,29,0.379,41,59,0.695,0.653,10,12,0.833,7,43,50,30,5,5,16,23,95.9,126.2,99,0.281,0.393,0.475,43.2,57.1,9.1,6.8,0.438,9.9,21.8,0.191,0.653,14.6,21.2,0.114
65,65,3/3/22,@,SAS,W,115,112,,39,85,0.459,10,32,0.313,29,53,0.547,0.518,27,32,0.844,9,40,49,26,6,2,14,13,46,93,0.495,12,32,0.375,34,61,0.557,0.559,8,16,0.5,6,34,40,28,8,5,11,24,112,109.1,102.7,0.376,0.376,0.58,55.1,66.7,5.8,3.3,0.518,12.4,20.9,0.318,0.559,9.9,13,0.086
66,66,3/5/22,@,DAL,L,113,114,,46,94,0.489,9,25,0.36,37,69,0.536,0.537,12,18,0.667,10,35,45,24,5,1,16,28,40,84,0.476,14,36,0.389,26,48,0.542,0.56,20,27,0.741,10,29,39,22,7,2,10,22,113.9,114.9,99.2,0.191,0.266,0.554,53.6,52.2,5,2.1,0.537,13.6,25.6,0.128,0.56,9.4,22.2,0.238
67,67,3/7/22,,NYK,L,115,131,,39,80,0.488,11,32,0.344,28,48,0.583,0.556,26,36,0.722,4,36,40,23,4,2,12,16,47,92,0.511,18,42,0.429,29,50,0.58,0.609,19,23,0.826,9,38,47,19,7,6,9,31,113.4,129.2,101.4,0.45,0.4,0.6,46,59,3.9,4,0.556,11.1,9.5,0.325,0.609,8.1,20,0.207
68,68,3/9/22,,DEN,L,100,106,,38,85,0.447,12,34,0.353,26,51,0.51,0.518,12,18,0.667,8,30,38,24,11,5,16,22,40,82,0.488,9,35,0.257,31,47,0.66,0.543,17,19,0.895,10,41,51,26,11,3,20,20,100.8,106.9,99.2,0.212,0.4,0.538,42.7,63.2,11.1,10.6,0.518,14.7,16.3,0.141,0.543,18.1,25,0.207
69,69,3/12/22,@,UTA,L,125,134,,47,94,0.5,13,33,0.394,34,61,0.557,0.569,18,21,0.857,8,25,33,27,6,3,7,20,48,86,0.558,16,41,0.39,32,45,0.711,0.651,22,31,0.71,10,34,44,21,4,5,10,20,127.2,136.3,98.3,0.223,0.351,0.605,42.9,57.4,6.1,6.7,0.569,6.3,19,0.191,0.651,9.1,28.6,0.256
70,70,3/14/22,,CHI,W,112,103,,39,82,0.476,10,25,0.4,29,57,0.509,0.537,24,26,0.923,7,38,45,25,10,3,16,21,36,88,0.409,10,34,0.294,26,54,0.481,0.466,21,22,0.955,9,31,40,22,5,5,15,20,111.4,102.5,100.5,0.317,0.305,0.599,52.9,64.1,9.9,5.6,0.537,14.6,18.4,0.293,0.466,13.3,19.1,0.239
71,71,3/16/22,,MIL,L,126,135,,46,94,0.489,16,43,0.372,30,51,0.588,0.574,18,21,0.857,7,32,39,27,8,5,15,21,47,89,0.528,18,35,0.514,29,54,0.537,0.629,23,32,0.719,8,39,47,21,12,3,13,19,117,125.4,107.7,0.223,0.457,0.61,45.3,58.7,7.4,9.3,0.574,12.7,15.2,0.191,0.629,11.2,20,0.258
72,72,3/18/22,,BOS,L,97,126,,33,79,0.418,13,36,0.361,20,43,0.465,0.5,18,24,0.75,8,29,37,23,5,6,16,14,46,82,0.561,22,40,0.55,24,42,0.571,0.695,12,17,0.706,6,37,43,33,11,1,13,23,101.5,131.9,95.5,0.304,0.456,0.542,46.3,69.7,5.2,14.3,0.5,15.2,17.8,0.228,0.695,12.7,17.1,0.146
73,73,3/20/22,,PHO,L,124,127,OT,39,91,0.429,16,34,0.471,23,57,0.404,0.516,30,36,0.833,9,33,42,27,12,2,15,21,46,92,0.5,12,28,0.429,34,64,0.531,0.565,23,27,0.852,10,40,50,25,12,5,18,30,113,115.7,99.4,0.396,0.374,0.58,45.7,69.2,10.9,3.1,0.516,12.3,18.4,0.33,0.565,14.8,23.3,0.25
74,74,3/23/22,@,IND,W,110,109,,43,82,0.524,12,37,0.324,31,45,0.689,0.598,12,17,0.706,4,32,36,26,7,3,17,10,42,91,0.462,14,36,0.389,28,55,0.509,0.538,11,11,1,10,32,42,34,11,3,15,17,110.5,109.5,99.5,0.207,0.451,0.615,46.2,60.5,7,5.5,0.598,16,11.1,0.146,0.538,13.5,23.8,0.121
75,75,3/26/22,@,ORL,W,114,110,OT,42,98,0.429,11,36,0.306,31,62,0.5,0.485,19,24,0.792,18,41,59,24,4,4,14,12,45,106,0.425,13,36,0.361,32,70,0.457,0.486,7,7,1,15,42,57,27,9,3,13,20,109.6,105.8,94.2,0.245,0.367,0.525,50.9,57.1,3.8,5.7,0.485,11.4,30,0.194,0.486,10.6,26.8,0.066
76,76,3/28/22,@,MIA,L,100,123,,37,81,0.457,12,35,0.343,25,46,0.543,0.531,14,18,0.778,5,27,32,21,6,2,14,12,49,90,0.544,19,40,0.475,30,50,0.6,0.65,6,6,1,10,38,48,30,7,1,16,20,103.5,127.3,96.6,0.222,0.432,0.562,40,56.8,6.2,4,0.531,13.6,11.6,0.173,0.65,14.7,27,0.067
77,77,3/30/22,@,HOU,W,121,118,,44,95,0.463,7,26,0.269,37,69,0.536,0.5,26,36,0.722,13,31,44,21,7,10,9,21,43,94,0.457,13,42,0.31,30,52,0.577,0.527,19,25,0.76,12,39,51,23,7,4,18,34,114.4,111.6,105.8,0.379,0.274,0.546,46.3,47.7,6.6,19.2,0.5,7.5,25,0.274,0.527,14.6,27.9,0.202
78,78,4/1/22,@,HOU,W,122,117,,42,81,0.519,12,28,0.429,30,53,0.566,0.593,26,34,0.765,8,39,47,29,6,11,13,19,41,97,0.423,17,45,0.378,24,52,0.462,0.51,18,26,0.692,15,30,45,26,9,7,11,25,121.7,116.7,100.3,0.42,0.346,0.636,51.1,69,6,21.2,0.593,11.9,21.1,0.321,0.51,9.2,27.8,0.186
79,79,4/3/22,,GSW,L,90,109,,31,81,0.383,7,33,0.212,24,48,0.5,0.426,21,24,0.875,6,29,35,19,5,1,13,15,41,79,0.519,16,34,0.471,25,45,0.556,0.62,11,15,0.733,7,40,47,29,8,8,17,28,94.4,114.3,95.4,0.296,0.407,0.491,42.7,61.3,5.2,2.2,0.426,12.4,13,0.259,0.62,16.6,19.4,0.139
80,80,4/5/22,,NOP,L,109,123,,39,76,0.513,11,30,0.367,28,46,0.609,0.586,20,22,0.909,3,31,34,28,4,3,15,20,45,88,0.511,12,25,0.48,33,63,0.524,0.58,21,26,0.808,14,30,44,26,13,2,13,20,112.8,127.3,96.6,0.289,0.395,0.636,43.6,71.8,4.1,4.8,0.586,14.9,9.1,0.263,0.58,11.6,31.1,0.239
81,81,4/9/22,@,LAC,L,98,117,,38,86,0.442,7,28,0.25,31,58,0.534,0.483,15,24,0.625,7,35,42,24,12,2,13,16,42,86,0.488,21,43,0.488,21,43,0.488,0.61,12,15,0.8,10,38,48,29,7,3,17,22,98.4,117.5,99.6,0.279,0.326,0.507,46.7,63.2,12.1,4.7,0.483,11.9,15.6,0.174,0.61,15.5,22.2,0.14
82,82,4/10/22,@,PHO,W,116,109,,40,76,0.526,14,26,0.538,26,50,0.52,0.618,22,30,0.733,2,38,40,26,9,7,15,18,42,103,0.408,14,47,0.298,28,56,0.5,0.476,11,15,0.733,18,32,50,27,9,7,11,25,116.1,109.1,99.9,0.395,0.342,0.65,44.4,65,9,12.5,0.618,14.4,5.9,0.289,0.476,9.1,32.1,0.107
1,1,10/19/22,,POR,L,108,115,,39,85,0.459,17,44,0.386,22,41,0.537,0.559,13,19,0.684,4,37,41,27,8,5,16,25,39,88,0.443,11,28,0.393,28,60,0.467,0.506,26,33,0.788,11,33,44,20,11,2,11,17,106.2,113,101.7,0.224,0.518,0.578,48.2,69.2,7.9,8.3,0.559,14.6,10.8,0.153,0.506,9.7,22.9,0.295
2,2,10/22/22,,LAC,L,109,111,,40,85,0.471,14,35,0.4,26,50,0.52,0.553,15,26,0.577,9,30,39,24,5,5,12,21,41,81,0.506,9,22,0.409,32,59,0.542,0.562,20,22,0.909,5,35,40,24,8,3,13,21,112.2,114.3,97.1,0.306,0.412,0.565,49.4,60,5.1,8.5,0.553,11.1,20.5,0.176,0.562,12.5,14.3,0.247
3,3,10/23/22,@,GSW,L,125,130,,47,100,0.47,11,43,0.256,36,57,0.632,0.525,20,25,0.8,13,38,51,31,10,2,16,29,45,87,0.517,14,33,0.424,31,54,0.574,0.598,26,36,0.722,6,31,37,24,7,5,13,21,114.9,119.5,108.8,0.25,0.43,0.563,58,66,9.2,3.7,0.525,12.6,29.5,0.2,0.598,11.2,13.6,0.299
4,4,10/27/22,,MEM,L,110,125,,40,83,0.482,12,38,0.316,28,45,0.622,0.554,18,22,0.818,9,31,40,28,5,2,13,20,49,92,0.533,14,33,0.424,35,59,0.593,0.609,13,18,0.722,11,32,43,27,5,3,14,18,112.3,127.6,97.9,0.265,0.458,0.593,48.2,70,5.1,3.4,0.554,12.3,22,0.217,0.609,12.3,26.2,0.141
5,5,10/29/22,,MIA,W,119,113,,42,76,0.553,14,31,0.452,28,45,0.622,0.645,21,29,0.724,6,37,43,27,1,6,21,29,38,89,0.427,11,28,0.393,27,61,0.443,0.489,26,31,0.839,9,25,34,18,7,3,9,25,118.2,112.3,100.6,0.382,0.408,0.67,55.8,64.3,1,9.8,0.645,19.1,19.4,0.276,0.489,8.1,19.6,0.292
6,6,10/31/22,@,CHO,W,115,108,,37,85,0.435,17,44,0.386,20,41,0.488,0.535,24,28,0.857,10,32,42,26,8,4,19,19,43,84,0.512,14,29,0.483,29,55,0.527,0.595,8,14,0.571,6,32,38,31,11,6,21,26,111.3,104.5,103.3,0.329,0.518,0.591,52.5,70.3,7.7,7.3,0.535,16.3,23.8,0.282,0.595,18.9,15.8,0.095
7,7,11/2/22,@,MIA,L,107,110,,41,86,0.477,13,36,0.361,28,50,0.56,0.552,12,14,0.857,4,35,39,29,4,3,12,18,44,89,0.494,11,34,0.324,33,55,0.6,0.556,11,13,0.846,9,37,46,27,5,5,11,20,110.2,113.3,97.1,0.163,0.419,0.581,45.9,70.7,4.1,5.5,0.552,11.5,9.8,0.14,0.556,10.4,20.5,0.124
8,8,11/5/22,@,ORL,W,126,123,OT,47,93,0.505,15,40,0.375,32,53,0.604,0.586,17,26,0.654,6,30,36,24,5,4,14,20,50,92,0.543,4,23,0.174,46,69,0.667,0.565,19,20,0.95,7,41,48,27,8,4,18,26,114.2,111.5,99.9,0.28,0.43,0.603,42.9,51.1,4.5,5.8,0.586,11.8,12.8,0.183,0.565,15.2,18.9,0.207
9,9,11/7/22,@,GSW,L,113,116,,37,91,0.407,14,40,0.35,23,51,0.451,0.484,25,29,0.862,9,34,43,24,9,0,11,20,44,88,0.5,14,38,0.368,30,50,0.6,0.58,14,21,0.667,8,40,48,28,5,4,15,21,110,112.9,102.7,0.319,0.44,0.545,47.3,64.9,8.8,0,0.484,9.6,18.4,0.275,0.58,13.4,19,0.159
10,10,11/9/22,,CLE,W,127,120,,40,76,0.526,17,39,0.436,23,37,0.622,0.638,30,35,0.857,2,22,24,30,12,4,9,20,46,86,0.535,11,26,0.423,35,60,0.583,0.599,17,20,0.85,12,30,42,24,4,1,18,23,131.3,124,96.7,0.461,0.513,0.695,36.4,75,12.4,6.7,0.638,9,6.3,0.395,0.599,16,35.3,0.198
11,11,11/11/22,@,LAL,W,120,114,,45,87,0.517,12,36,0.333,33,51,0.647,0.586,18,21,0.857,10,30,40,27,10,4,15,17,42,88,0.477,10,25,0.4,32,63,0.508,0.534,20,26,0.769,14,27,41,22,11,5,14,22,123.1,116.9,97.5,0.241,0.414,0.623,49.4,60,10.3,6.3,0.586,13.5,27,0.207,0.534,12.3,31.8,0.227
12,12,11/13/22,,GSW,W,122,115,,47,91,0.516,16,37,0.432,31,54,0.574,0.604,12,19,0.632,9,36,45,31,8,2,16,17,42,90,0.467,16,47,0.34,26,43,0.605,0.556,15,16,0.938,8,35,43,27,5,5,18,20,116.2,109.5,105,0.209,0.407,0.614,51.1,66,7.6,4.7,0.604,13.9,20.5,0.132,0.556,15.6,18.2,0.167
13,13,11/15/22,,BRK,W,153,121,,56,94,0.596,20,41,0.488,36,53,0.679,0.702,21,25,0.84,9,34,43,39,9,4,17,24,40,81,0.494,11,28,0.393,29,53,0.547,0.562,30,33,0.909,3,26,29,25,5,3,17,18,140.2,110.9,109.1,0.266,0.436,0.729,59.7,69.6,8.2,7.5,0.702,13.9,25.7,0.223,0.562,15.1,8.1,0.37
14,14,11/17/22,,SAS,W,130,112,,48,83,0.578,12,30,0.4,36,53,0.679,0.651,22,24,0.917,6,31,37,28,7,1,12,15,46,84,0.548,11,26,0.423,35,58,0.603,0.613,9,12,0.75,7,25,32,29,8,6,19,22,131.5,113.3,98.8,0.289,0.361,0.695,53.6,58.3,7.1,1.7,0.651,11.4,19.4,0.265,0.613,17.5,18.4,0.107
15,15,11/20/22,,DET,W,137,129,,47,85,0.553,12,35,0.343,35,50,0.7,0.624,31,35,0.886,8,33,41,29,4,0,11,18,47,89,0.528,15,29,0.517,32,60,0.533,0.612,20,23,0.87,10,25,35,20,4,3,12,24,137.1,129.1,99.9,0.412,0.412,0.682,53.9,61.7,4,0,0.624,9.9,24.2,0.365,0.612,10.8,23.3,0.225
16,16,11/22/22,@,MEM,W,113,109,,39,90,0.433,15,45,0.333,24,45,0.533,0.517,20,27,0.741,9,36,45,27,11,2,20,25,41,91,0.451,8,30,0.267,33,61,0.541,0.495,19,30,0.633,13,36,49,26,12,10,18,23,104.3,100.6,108.3,0.3,0.5,0.555,47.9,69.2,10.2,3.3,0.517,16.4,20,0.222,0.495,14.7,26.5,0.209
17,17,11/23/22,@,ATL,L,106,115,,41,89,0.461,9,31,0.29,32,58,0.552,0.511,15,21,0.714,10,38,48,27,6,2,19,23,41,92,0.446,11,30,0.367,30,62,0.484,0.505,22,23,0.957,10,37,47,23,9,6,13,20,101.8,110.4,104.2,0.236,0.348,0.539,50.5,65.9,5.8,3.2,0.511,16.2,21.3,0.169,0.505,11.3,20.8,0.239
18,18,11/25/22,@,BOS,L,104,122,,36,87,0.414,9,36,0.25,27,51,0.529,0.466,23,26,0.885,11,34,45,20,3,4,18,22,41,83,0.494,16,37,0.432,25,46,0.543,0.59,24,27,0.889,4,34,38,27,9,6,10,24,103.4,121.3,100.6,0.299,0.414,0.528,54.2,55.6,3,8.7,0.466,15.5,24.4,0.264,0.59,9.5,10.5,0.289
19,19,11/28/22,,PHO,L,117,122,,46,88,0.523,9,25,0.36,37,63,0.587,0.574,16,18,0.889,8,29,37,32,9,7,16,15,50,94,0.532,10,32,0.313,40,62,0.645,0.585,12,14,0.857,11,34,45,26,9,7,17,20,113.4,118.3,103.1,0.205,0.284,0.61,45.1,69.6,8.7,11.3,0.574,14.3,19,0.182,0.585,14.5,27.5,0.128
20,20,11/30/22,,IND,W,137,114,,48,95,0.505,16,43,0.372,32,52,0.615,0.589,25,29,0.862,11,47,58,28,8,5,18,25,40,100,0.4,12,37,0.324,28,63,0.444,0.46,22,30,0.733,12,35,47,28,8,5,16,21,120.4,100.2,113.8,0.305,0.453,0.636,55.2,58.3,7,7.9,0.589,14.3,23.9,0.263,0.46,12.4,20.3,0.22
21,21,12/3/22,@,LAC,W,123,96,,46,89,0.517,11,32,0.344,35,57,0.614,0.579,20,30,0.667,8,38,46,31,7,6,9,22,33,93,0.355,9,33,0.273,24,60,0.4,0.403,21,26,0.808,17,33,50,15,4,3,18,23,121.4,94.8,101.3,0.337,0.36,0.602,47.9,67.4,6.9,10,0.579,8.1,19.5,0.225,0.403,14.7,30.9,0.226
22,22,12/4/22,,CHI,W,110,101,,40,86,0.465,13,43,0.302,27,43,0.628,0.541,17,19,0.895,5,41,46,30,10,2,19,17,38,86,0.442,9,25,0.36,29,61,0.475,0.494,16,19,0.842,7,32,39,17,9,5,16,16,105.7,97.1,104,0.221,0.5,0.583,54.1,75,9.6,3.3,0.541,16.8,13.5,0.198,0.494,14.5,14.6,0.186
23,23,12/7/22,@,MIL,L,113,126,,43,91,0.473,12,38,0.316,31,53,0.585,0.538,15,16,0.938,8,32,40,19,2,4,8,17,46,96,0.479,14,33,0.424,32,63,0.508,0.552,20,24,0.833,17,33,50,34,3,2,7,15,119.3,133,94.7,0.176,0.418,0.576,44.4,44.2,2.1,6.3,0.538,7.5,19.5,0.165,0.552,6.2,34.7,0.208
24,24,12/9/22,@,CLE,W,106,95,,35,66,0.53,16,33,0.485,19,33,0.576,0.652,20,32,0.625,5,33,38,21,11,5,19,22,34,79,0.43,10,30,0.333,24,49,0.49,0.494,17,22,0.773,8,28,36,20,7,4,20,23,110.9,99.4,95.6,0.485,0.5,0.662,51.4,60,11.5,10.2,0.652,19.2,15.2,0.303,0.494,18.4,19.5,0.215
25,25,12/11/22,@,NYK,L,99,112,,33,83,0.398,10,39,0.256,23,44,0.523,0.458,23,35,0.657,11,30,41,20,7,0,17,21,40,89,0.449,8,35,0.229,32,54,0.593,0.494,24,27,0.889,15,40,55,19,8,4,17,22,98.1,111,100.9,0.422,0.47,0.503,42.7,60.6,6.9,0,0.458,14.7,21.6,0.277,0.494,14.4,33.3,0.27
26,26,12/13/22,@,PHI,L,103,123,,38,92,0.413,10,42,0.238,28,50,0.56,0.467,17,20,0.85,13,35,48,21,5,4,17,22,43,84,0.512,16,35,0.457,27,49,0.551,0.607,21,27,0.778,4,38,42,34,10,4,12,21,100.7,120.3,102.3,0.217,0.457,0.511,53.3,55.3,4.9,8.2,0.467,14.4,25.5,0.185,0.607,11.1,10.3,0.25
27,27,12/14/22,@,TOR,W,124,123,,45,93,0.484,17,46,0.37,28,47,0.596,0.575,17,20,0.85,13,37,50,29,3,3,15,16,47,94,0.5,6,21,0.286,41,73,0.562,0.532,23,27,0.852,11,28,39,25,8,7,7,18,124,123,100,0.215,0.495,0.609,56.2,64.4,3,4.1,0.575,12.8,31.7,0.183,0.532,6.2,22.9,0.245
28,28,12/16/22,@,DET,W,122,113,,43,82,0.524,12,31,0.387,31,51,0.608,0.598,24,29,0.828,4,29,33,30,8,1,14,25,39,85,0.459,10,29,0.345,29,56,0.518,0.518,25,31,0.806,14,32,46,22,7,1,17,26,121.2,112.2,100.7,0.354,0.378,0.644,41.8,69.8,7.9,1.8,0.598,12.9,11.1,0.293,0.518,14.7,32.6,0.294
29,29,12/19/22,,CHO,L,119,125,,45,95,0.474,12,33,0.364,33,62,0.532,0.537,17,31,0.548,10,32,42,23,8,2,8,23,49,95,0.516,10,31,0.323,39,64,0.609,0.568,17,23,0.739,11,45,56,26,4,7,14,25,112.6,118.3,105.6,0.326,0.347,0.548,42.9,51.1,7.6,3.1,0.537,6.9,18.2,0.179,0.568,11.8,25.6,0.179
30,30,12/21/22,,LAL,W,134,120,,48,95,0.505,17,47,0.362,31,48,0.646,0.595,21,28,0.75,10,36,46,29,6,2,12,23,42,84,0.5,11,24,0.458,31,60,0.517,0.565,25,30,0.833,5,34,39,25,6,5,15,24,126.2,113.1,106.1,0.295,0.495,0.624,54.1,60.4,5.7,3.3,0.595,10.1,22.7,0.221,0.565,13.4,12.2,0.298
31,31,12/23/22,,WAS,L,111,125,,37,84,0.44,10,32,0.313,27,52,0.519,0.5,27,35,0.771,13,34,47,19,5,2,13,20,49,88,0.557,10,32,0.313,39,56,0.696,0.614,17,24,0.708,5,35,40,30,9,4,10,23,111.2,125.2,99.8,0.417,0.381,0.558,54,51.4,5,3.6,0.5,11.6,27.1,0.321,0.614,9.2,12.8,0.193
32,32,12/27/22,,DEN,L,106,113,,40,82,0.488,10,35,0.286,30,47,0.638,0.549,16,19,0.842,8,31,39,20,8,2,16,18,41,86,0.477,13,37,0.351,28,49,0.571,0.552,18,21,0.857,10,30,40,34,12,3,13,18,110.5,117.8,95.9,0.232,0.427,0.587,49.4,50,8.3,4.1,0.549,15,21.1,0.195,0.552,12,24.4,0.209
33,33,12/28/22,,DEN,W,127,126,,47,89,0.528,14,31,0.452,33,58,0.569,0.607,19,25,0.76,11,23,34,32,10,6,12,17,49,85,0.576,12,27,0.444,37,58,0.638,0.647,16,18,0.889,7,27,34,31,6,8,16,24,128.8,127.8,98.6,0.281,0.348,0.635,50,68.1,10.1,10.3,0.607,10.7,28.9,0.213,0.647,14.7,23.3,0.188
34,34,12/30/22,,UTA,W,126,125,,50,90,0.556,12,30,0.4,38,60,0.633,0.622,14,19,0.737,10,28,38,32,5,3,15,21,46,84,0.548,8,32,0.25,38,52,0.731,0.595,25,30,0.833,7,30,37,30,7,2,13,20,124.3,123.3,101.4,0.211,0.333,0.641,50.7,64,4.9,5.8,0.622,13.2,25,0.156,0.595,11.8,20,0.298
35,35,1/1/23,@,MEM,L,108,118,,39,96,0.406,15,43,0.349,24,53,0.453,0.484,15,15,1,14,33,47,24,7,4,16,18,46,100,0.46,10,32,0.313,36,68,0.529,0.51,16,24,0.667,21,36,57,25,11,8,12,18,108,118,100,0.156,0.448,0.526,45.2,61.5,7,5.9,0.484,13.5,28,0.156,0.51,9.8,38.9,0.16
36,36,1/3/23,@,UTA,W,117,115,,46,86,0.535,9,32,0.281,37,54,0.685,0.587,16,18,0.889,7,33,40,23,7,4,18,26,38,88,0.432,13,44,0.295,25,44,0.568,0.506,26,29,0.897,12,32,44,21,9,3,16,19,114.2,112.3,102.4,0.209,0.372,0.623,47.6,50,6.8,9.1,0.587,16.1,17.9,0.186,0.506,13.7,26.7,0.295
37,37,1/4/23,,ATL,L,117,120,,41,88,0.466,10,25,0.4,31,63,0.492,0.523,25,27,0.926,10,32,42,26,9,3,11,19,45,84,0.536,10,30,0.333,35,54,0.648,0.595,20,22,0.909,7,37,44,21,9,4,16,21,116.8,119.8,100.2,0.307,0.284,0.586,48.8,63.4,9,5.6,0.523,9.9,21.3,0.284,0.595,14.6,17.9,0.238
38,38,1/7/23,,LAL,L,134,136,,45,86,0.523,14,32,0.438,31,54,0.574,0.605,30,37,0.811,13,21,34,25,5,4,14,26,50,82,0.61,9,21,0.429,41,61,0.672,0.665,27,33,0.818,10,28,38,26,4,3,17,25,132.6,134.6,101,0.43,0.372,0.655,47.2,55.6,4.9,6.6,0.605,12,31.7,0.349,0.665,15,32.3,0.329
39,39,1/9/23,,ORL,W,136,111,,52,97,0.536,23,46,0.5,29,51,0.569,0.655,9,12,0.75,11,37,48,39,4,1,11,16,41,90,0.456,14,44,0.318,27,46,0.587,0.533,15,20,0.75,9,32,41,24,7,7,13,18,135.2,110.3,100.6,0.124,0.474,0.665,53.9,75,4,2.2,0.655,9.7,25.6,0.093,0.533,11.6,19.6,0.167
40,40,1/11/23,,HOU,W,135,115,,45,94,0.479,19,48,0.396,26,46,0.565,0.58,26,31,0.839,9,36,45,28,4,4,9,19,44,96,0.458,16,41,0.39,28,55,0.509,0.542,11,17,0.647,8,40,48,30,7,3,14,23,127.1,108.3,106.2,0.33,0.511,0.627,48.4,62.2,3.8,7.3,0.58,7.7,18.4,0.277,0.542,11.9,18.2,0.115
41,41,1/13/23,,HOU,W,139,114,,47,86,0.547,20,40,0.5,27,46,0.587,0.663,25,29,0.862,14,32,46,34,10,8,14,19,43,91,0.473,12,37,0.324,31,54,0.574,0.538,16,25,0.64,12,22,34,23,10,4,15,24,140.9,115.5,98.7,0.337,0.465,0.704,57.5,72.3,10.1,14.8,0.663,12.4,38.9,0.291,0.538,12.8,27.3,0.176
42,42,1/15/23,@,SAS,W,132,119,,49,89,0.551,14,30,0.467,35,59,0.593,0.629,20,25,0.8,7,31,38,24,5,2,6,19,48,93,0.516,10,26,0.385,38,67,0.567,0.57,13,20,0.65,11,29,40,27,1,3,10,21,135.3,122,97.5,0.281,0.337,0.66,48.7,49,5.1,3,0.629,5.7,19.4,0.225,0.57,8.9,26.2,0.14
43,43,1/18/23,@,LAL,W,116,111,,43,87,0.494,9,30,0.3,34,57,0.596,0.546,21,27,0.778,14,33,47,23,3,5,11,14,43,89,0.483,11,34,0.324,32,55,0.582,0.545,14,18,0.778,6,30,36,26,9,3,7,20,122.5,117.2,94.7,0.31,0.345,0.587,56.6,53.5,3.2,9.1,0.546,10,31.8,0.241,0.545,6.7,15.4,0.157
44,44,1/20/23,,OKC,W,118,113,,41,87,0.471,12,38,0.316,29,49,0.592,0.54,24,28,0.857,13,40,53,25,1,2,15,17,45,93,0.484,16,40,0.4,29,53,0.547,0.57,7,11,0.636,8,28,36,21,4,1,9,20,120.8,115.6,97.7,0.322,0.437,0.594,59.6,61,1,3.8,0.54,13.1,31.7,0.276,0.57,8.4,16.7,0.075
45,45,1/21/23,,PHI,L,127,129,,46,84,0.548,13,33,0.394,33,51,0.647,0.625,22,29,0.759,4,25,29,28,6,5,9,20,49,93,0.527,12,28,0.429,37,65,0.569,0.591,19,23,0.826,16,30,46,27,4,3,15,26,127.9,129.9,99.3,0.345,0.393,0.656,38.7,60.9,6,7.7,0.625,8.5,11.8,0.262,0.591,12.7,39,0.204
46,46,1/23/23,,MEM,W,133,100,,49,88,0.557,22,40,0.55,27,48,0.563,0.682,13,14,0.929,10,43,53,37,10,5,25,11,40,98,0.408,12,36,0.333,28,62,0.452,0.469,8,10,0.8,10,21,31,28,14,3,15,21,126.4,95,105.2,0.159,0.455,0.706,63.1,75.5,9.5,8.1,0.682,21,32.3,0.148,0.469,12.8,18.9,0.082
47,47,1/25/23,,TOR,L,95,113,,35,73,0.479,13,32,0.406,22,41,0.537,0.568,12,13,0.923,4,30,34,29,6,2,19,12,48,97,0.495,12,40,0.3,36,57,0.632,0.557,5,7,0.714,11,30,41,28,12,8,10,17,101,120.1,94.1,0.178,0.438,0.603,45.3,82.9,6.4,3.5,0.568,19.4,11.8,0.164,0.557,9.1,26.8,0.052
48,48,1/28/23,@,MIN,L,110,117,,37,82,0.451,9,33,0.273,28,49,0.571,0.506,27,36,0.75,10,26,36,23,5,0,9,21,42,80,0.525,17,37,0.459,25,43,0.581,0.631,16,21,0.762,9,35,44,25,5,2,20,26,114.2,121.5,96.3,0.439,0.402,0.562,45,62.2,5.2,0,0.506,8.4,22.2,0.329,0.631,18.3,25.7,0.2
49,49,1/30/23,@,MIN,W,118,111,OT,47,99,0.475,9,30,0.3,38,69,0.551,0.52,15,22,0.682,10,40,50,20,15,3,12,21,43,92,0.467,12,39,0.308,31,53,0.585,0.533,13,25,0.52,8,41,49,26,7,3,18,16,107.2,100.8,99.7,0.222,0.303,0.543,50.5,42.6,13.6,5.7,0.52,9.9,19.6,0.152,0.533,14.9,16.7,0.141
50,50,2/1/23,@,SAS,W,119,109,,48,90,0.533,8,27,0.296,40,63,0.635,0.578,15,19,0.789,6,28,34,25,10,3,10,13,48,88,0.545,8,24,0.333,40,64,0.625,0.591,5,7,0.714,8,32,40,30,5,1,18,17,119.1,109.1,99.9,0.211,0.3,0.605,45.9,52.1,10,4.7,0.578,9.2,15.8,0.167,0.591,16.5,22.2,0.057
51,51,2/3/23,@,IND,L,104,107,,37,86,0.43,13,38,0.342,24,48,0.5,0.506,17,20,0.85,11,38,49,24,6,5,20,15,40,89,0.449,17,41,0.415,23,48,0.479,0.545,10,14,0.714,9,38,47,28,13,5,18,18,101.6,104.5,102.4,0.233,0.442,0.549,51,64.9,5.9,10.4,0.506,17.4,22.4,0.198,0.545,15.9,19.1,0.112
52,52,2/5/23,@,NOP,L,104,136,,35,82,0.427,11,42,0.262,24,40,0.6,0.494,23,27,0.852,11,27,38,23,5,5,15,22,48,85,0.565,14,26,0.538,34,59,0.576,0.647,26,34,0.765,12,36,48,26,11,3,11,23,107.5,140.6,96.7,0.329,0.512,0.554,44.2,65.7,5.2,8.5,0.494,13.8,23.4,0.28,0.647,9.9,30.8,0.306
53,53,2/6/23,@,HOU,W,140,120,,52,89,0.584,21,41,0.512,31,48,0.646,0.702,15,18,0.833,7,28,35,38,9,5,10,22,44,88,0.5,13,32,0.406,31,56,0.554,0.574,19,24,0.792,11,28,39,27,5,4,14,15,142.4,122.1,98.3,0.202,0.461,0.722,47.3,73.1,9.2,8.9,0.702,9.4,20,0.169,0.574,12.4,28.2,0.216
54,54,2/8/23,@,HOU,W,130,128,,46,92,0.5,10,30,0.333,36,62,0.581,0.554,28,30,0.933,10,21,31,29,10,4,9,15,47,86,0.547,10,22,0.455,37,64,0.578,0.605,24,28,0.857,15,29,44,25,4,7,19,21,130.5,128.5,99.6,0.326,0.326,0.618,41.3,63,10,6.3,0.554,7.9,25.6,0.304,0.605,16.2,41.7,0.279
55,55,2/10/23,,DAL,L,114,122,,39,72,0.542,9,27,0.333,30,45,0.667,0.604,27,32,0.844,5,33,38,21,2,4,14,19,43,88,0.489,18,43,0.419,25,45,0.556,0.591,18,19,0.947,11,28,39,34,4,0,12,19,120.6,129.1,94.5,0.444,0.375,0.662,49.4,53.8,2.1,8.9,0.604,14,15.2,0.375,0.591,11.1,25,0.205
56,56,2/11/23,,DAL,W,133,128,OT,51,100,0.51,8,32,0.25,43,68,0.632,0.55,23,25,0.92,11,39,50,22,9,0,7,17,47,91,0.516,20,51,0.392,27,40,0.675,0.626,14,19,0.737,7,36,43,27,4,4,16,19,125.4,120.7,96.1,0.25,0.32,0.599,53.8,43.1,8.5,0,0.55,5.9,23.4,0.23,0.626,13.9,15.2,0.154
57,57,2/14/23,@,PHO,L,109,120,,37,83,0.446,14,38,0.368,23,45,0.511,0.53,21,24,0.875,13,27,40,23,8,4,17,21,50,88,0.568,7,22,0.318,43,66,0.652,0.608,13,16,0.813,8,29,37,33,12,4,15,17,112.1,123.4,97.2,0.289,0.458,0.583,51.9,62.2,8.2,6.1,0.53,15.4,31,0.253,0.608,13.6,22.9,0.148
58,58,2/23/23,,POR,W,133,116,,47,85,0.553,14,34,0.412,33,51,0.647,0.635,25,31,0.806,12,37,49,27,9,4,18,16,43,93,0.462,16,38,0.421,27,55,0.491,0.548,14,17,0.824,9,24,33,26,12,3,13,23,130.3,113.6,102.1,0.365,0.4,0.674,59.8,57.4,8.8,7.3,0.635,15.4,33.3,0.294,0.548,11.5,19.6,0.151
59,59,2/24/23,@,LAC,W,176,175,2OT,65,111,0.586,18,41,0.439,47,70,0.671,0.667,28,35,0.8,12,31,43,33,18,3,15,28,59,98,0.602,26,45,0.578,33,53,0.623,0.735,31,36,0.861,7,35,42,39,8,3,25,27,136.9,136.1,106.4,0.315,0.369,0.696,50.6,50.8,14,5.7,0.667,10.6,25.5,0.252,0.735,18,18.4,0.316
60,60,2/26/23,@,OKC,W,124,115,,45,85,0.529,18,43,0.419,27,42,0.643,0.635,16,24,0.667,13,35,48,32,7,1,20,21,41,86,0.477,16,40,0.4,25,46,0.543,0.57,17,23,0.739,9,28,37,24,10,0,14,19,123.8,114.8,100.2,0.282,0.506,0.649,56.5,71.1,7,2.2,0.635,17.3,31.7,0.188,0.57,12.7,20.5,0.198
61,61,2/28/23,@,OKC,W,123,117,,43,82,0.524,15,42,0.357,28,40,0.7,0.616,22,30,0.733,8,43,51,34,3,4,20,21,43,98,0.439,11,35,0.314,32,63,0.508,0.495,20,24,0.833,12,30,42,28,9,1,10,23,117.2,111.4,105,0.366,0.512,0.646,54.8,79.1,2.9,6.3,0.616,17.4,21.1,0.268,0.495,8.4,21.8,0.204
62,62,3/3/23,,LAC,W,128,127,,46,87,0.529,10,33,0.303,36,54,0.667,0.586,26,26,1,9,36,45,26,3,2,11,22,47,87,0.54,14,41,0.341,33,46,0.717,0.621,19,27,0.704,6,26,32,31,7,3,7,24,130.7,129.7,97.9,0.299,0.379,0.65,58.4,56.5,3.1,4.3,0.586,10.1,25.7,0.299,0.621,6.6,14.3,0.218
63,63,3/4/23,,MIN,L,134,138,,49,89,0.551,14,27,0.519,35,62,0.565,0.629,22,30,0.733,11,28,39,25,5,1,6,21,48,80,0.6,20,39,0.513,28,41,0.683,0.725,22,31,0.71,6,34,40,31,4,6,12,21,137.5,141.6,97.4,0.337,0.303,0.656,49.4,51,5.1,2.4,0.629,5.5,24.4,0.247,0.725,11.4,17.6,0.275
64,64,3/6/23,,NOP,W,123,108,,47,83,0.566,16,38,0.421,31,45,0.689,0.663,13,20,0.65,6,27,33,39,7,3,11,12,43,80,0.538,11,29,0.379,32,51,0.627,0.606,11,14,0.786,7,33,40,29,6,4,16,19,129.8,114,94.8,0.241,0.458,0.67,45.2,83,7.4,5.9,0.663,10.7,15.4,0.157,0.606,15.7,20.6,0.138
65,65,3/9/23,,NYK,W,122,117,,44,84,0.524,10,32,0.313,34,52,0.654,0.583,24,32,0.75,6,36,42,28,10,3,12,21,42,101,0.416,13,50,0.26,29,51,0.569,0.48,20,31,0.645,23,35,58,27,8,1,14,25,118.8,114,102.7,0.381,0.381,0.622,42,63.6,9.7,5.9,0.583,10.9,14.6,0.286,0.48,10.9,39,0.198
66,66,3/11/23,@,PHO,W,128,119,,41,85,0.482,15,35,0.429,26,50,0.52,0.571,31,37,0.838,8,31,39,19,10,2,15,19,44,89,0.494,13,44,0.295,31,45,0.689,0.567,18,22,0.818,7,33,40,30,11,3,14,26,122.8,114.1,104.3,0.435,0.412,0.632,49.4,46.3,9.6,4.4,0.571,12.9,19.5,0.365,0.567,12.4,18.4,0.202
67,67,3/13/23,,MIL,L,124,133,,46,104,0.442,21,50,0.42,25,54,0.463,0.543,11,15,0.733,15,30,45,31,4,2,9,21,50,86,0.581,15,33,0.455,35,53,0.66,0.669,18,22,0.818,5,38,43,29,2,4,13,18,121.7,130.6,101.9,0.144,0.481,0.561,51.1,67.4,3.9,3.8,0.543,7.5,28.3,0.106,0.669,12,14.3,0.209
68,68,3/15/23,@,CHI,W,117,114,,38,78,0.487,18,42,0.429,20,36,0.556,0.603,23,29,0.793,5,40,45,26,6,3,20,19,38,97,0.392,16,42,0.381,22,55,0.4,0.474,22,25,0.88,13,35,48,28,13,4,15,24,111,108.2,105.4,0.372,0.538,0.645,48.4,68.4,5.7,5.5,0.603,18.1,12.5,0.295,0.474,12.2,24.5,0.227
69,69,3/16/23,@,BRK,W,101,96,,32,82,0.39,13,41,0.317,19,41,0.463,0.47,24,32,0.75,13,44,57,22,2,5,12,17,33,80,0.413,14,39,0.359,19,41,0.463,0.5,16,23,0.696,3,38,41,20,8,4,7,22,108.5,103.1,93.1,0.39,0.5,0.526,58.2,68.8,2.1,12.2,0.47,11.1,25.5,0.293,0.5,7.2,6.4,0.2
70,70,3/18/23,@,WAS,W,132,118,,48,86,0.558,22,37,0.595,26,49,0.531,0.686,14,23,0.609,7,37,44,34,7,7,8,22,41,91,0.451,13,36,0.361,28,55,0.509,0.522,23,27,0.852,12,34,46,27,6,5,10,18,135.4,121.1,97.5,0.267,0.43,0.687,48.9,70.8,7.2,12.7,0.686,7.7,17.1,0.163,0.522,8.9,24.5,0.253
71,71,3/20/23,@,UTA,L,120,128,,41,97,0.423,19,52,0.365,22,45,0.489,0.521,19,25,0.76,8,35,43,28,5,3,6,20,46,88,0.523,16,36,0.444,30,52,0.577,0.614,20,23,0.87,6,42,48,33,3,8,12,23,116.5,124.3,103,0.258,0.536,0.556,47.3,68.3,4.9,5.8,0.521,5.3,16,0.196,0.614,10.9,14.6,0.227
72,72,3/21/23,,BOS,L,109,132,,39,81,0.481,17,44,0.386,22,37,0.595,0.586,14,21,0.667,10,32,42,25,3,4,14,19,49,92,0.533,18,44,0.409,31,48,0.646,0.63,16,23,0.696,11,32,43,33,9,3,6,15,115.9,140.3,94.1,0.259,0.543,0.604,49.4,64.1,3.2,8.3,0.586,13.4,23.8,0.173,0.63,5.5,25.6,0.174
73,73,3/24/23,,PHO,W,135,127,,47,89,0.528,13,39,0.333,34,50,0.68,0.601,28,32,0.875,5,28,33,29,6,3,4,23,48,89,0.539,9,29,0.31,39,60,0.65,0.59,22,29,0.759,12,31,43,33,2,7,12,25,135.7,127.6,99.5,0.36,0.438,0.655,43.4,61.7,6,5,0.601,3.7,13.9,0.315,0.59,10.5,30,0.247
74,74,3/25/23,,UTA,W,121,113,,44,95,0.463,16,43,0.372,28,52,0.538,0.547,17,21,0.81,14,28,42,30,11,1,9,13,47,91,0.516,9,28,0.321,38,63,0.603,0.566,10,16,0.625,11,34,45,30,3,7,17,14,122.5,114.4,98.8,0.221,0.453,0.58,48.3,68.2,11.1,1.6,0.547,7.9,29.2,0.179,0.566,14.8,28.2,0.11
75,75,3/27/23,,MIN,L,115,119,,39,84,0.464,5,27,0.185,34,57,0.596,0.494,32,40,0.8,12,30,42,16,4,4,10,23,44,86,0.512,9,24,0.375,35,62,0.565,0.564,22,34,0.647,11,29,40,33,6,3,6,27,121.4,125.6,94.7,0.476,0.321,0.566,51.2,41,4.2,6.5,0.494,9,29.3,0.381,0.564,5.6,26.8,0.256
76,76,3/29/23,@,POR,W,120,80,,42,92,0.457,18,48,0.375,24,44,0.545,0.554,18,24,0.75,10,49,59,30,9,4,10,11,30,93,0.323,9,39,0.231,21,54,0.389,0.371,11,12,0.917,8,37,45,18,5,6,14,15,118.5,79,101.3,0.261,0.522,0.585,56.7,71.4,8.9,7.4,0.554,8.9,21.3,0.196,0.371,12.5,14,0.118
77,77,3/31/23,@,POR,W,138,114,,54,88,0.614,19,39,0.487,35,49,0.714,0.722,11,15,0.733,8,33,41,38,11,7,13,21,40,85,0.471,19,38,0.5,21,47,0.447,0.582,15,23,0.652,9,24,33,29,9,6,20,15,136.8,113,100.9,0.17,0.443,0.729,55.4,70.4,10.9,14.9,0.722,12.1,25,0.125,0.582,17.4,21.4,0.176
78,78,4/2/23,,SAS,L,134,142,OT,49,103,0.476,11,44,0.25,38,59,0.644,0.529,25,32,0.781,13,30,43,24,9,5,15,23,52,98,0.531,13,34,0.382,39,64,0.609,0.597,25,29,0.862,14,38,52,31,8,3,18,25,117.5,124.6,103.3,0.311,0.427,0.572,45.3,49,7.9,7.8,0.529,11.4,25.5,0.243,0.597,14,31.8,0.255
79,79,4/4/23,@,NOP,W,121,103,,46,91,0.505,17,42,0.405,29,49,0.592,0.599,12,15,0.8,11,32,43,35,8,4,12,22,37,84,0.44,7,20,0.35,30,64,0.469,0.482,22,27,0.815,9,28,37,20,6,4,14,14,125.3,106.6,96.6,0.165,0.462,0.62,53.8,76.1,8.3,6.3,0.599,10.9,28.2,0.132,0.482,12.7,22,0.262
80,80,4/5/23,@,DAL,L,119,123,,46,106,0.434,12,37,0.324,34,69,0.493,0.491,15,19,0.789,22,35,57,31,7,1,9,19,44,89,0.494,20,44,0.455,24,45,0.533,0.607,15,18,0.833,7,32,39,24,4,7,10,18,122.3,126.4,97.3,0.179,0.349,0.52,59.4,67.4,7.2,2.2,0.491,7.3,40.7,0.142,0.607,9.4,16.7,0.169
81,81,4/7/23,,GSW,L,97,119,,38,98,0.388,11,39,0.282,27,59,0.458,0.444,10,18,0.556,18,22,40,24,10,3,12,16,41,78,0.526,16,36,0.444,25,42,0.595,0.628,21,24,0.875,10,37,47,36,6,7,24,22,99.3,121.8,97.7,0.184,0.398,0.458,46,63.2,10.2,7.1,0.444,10.2,32.7,0.102,0.628,21.3,31.3,0.269
82,82,4/9/23,@,DEN,L,95,109,,37,85,0.435,11,43,0.256,26,42,0.619,0.5,10,15,0.667,10,24,34,24,7,6,15,18,42,84,0.5,7,28,0.25,35,56,0.625,0.542,18,25,0.72,15,36,51,25,11,2,20,15,99.2,113.8,95.8,0.176,0.506,0.519,40,64.9,7.3,10.7,0.5,14.1,21.7,0.118,0.542,17.4,38.5,0.214
1,1,10/25/23,@,UTA,W,130,114,,47,102,0.461,19,51,0.373,28,51,0.549,0.554,17,20,0.85,15,30,45,29,6,8,12,25,41,91,0.451,9,28,0.321,32,63,0.508,0.5,23,31,0.742,16,38,54,22,6,2,14,20,127.4,111.7,102.1,0.196,0.5,0.587,45.5,61.7,5.9,12.7,0.554,9.8,28.3,0.167,0.5,11.8,34.8,0.253
2,2,10/27/23,,GSW,L,114,122,,41,94,0.436,12,40,0.3,29,54,0.537,0.5,20,29,0.69,10,31,41,24,10,3,14,16,48,87,0.552,14,32,0.438,34,55,0.618,0.632,12,14,0.857,7,32,39,32,14,3,19,24,108.6,116.2,105,0.309,0.426,0.534,51.3,58.5,9.5,5.5,0.5,11.6,23.8,0.213,0.632,16.9,18.4,0.138
3,3,10/29/23,,LAL,W,132,127,OT,49,104,0.471,17,48,0.354,32,56,0.571,0.553,17,24,0.708,6,41,47,30,6,7,10,28,43,98,0.439,15,45,0.333,28,53,0.528,0.515,26,34,0.765,8,45,53,27,4,4,12,22,114.5,110.1,104.5,0.231,0.462,0.576,47,61.2,5.2,13.2,0.553,8,11.8,0.163,0.515,9.6,16.3,0.265
4,4,11/1/23,@,GSW,L,101,102,,36,88,0.409,11,35,0.314,25,53,0.472,0.472,18,23,0.783,14,34,48,24,8,4,15,17,39,81,0.481,11,31,0.355,28,50,0.56,0.549,13,15,0.867,7,29,36,32,5,6,18,17,105.5,106.6,95.7,0.261,0.398,0.515,57.1,66.7,8.4,8,0.472,13.3,32.6,0.205,0.549,17,17.1,0.16
5,5,11/4/23,@,HOU,L,89,107,,32,84,0.381,11,41,0.268,21,43,0.488,0.446,14,19,0.737,8,35,43,20,5,6,11,19,40,87,0.46,13,36,0.361,27,51,0.529,0.534,14,20,0.7,10,43,53,28,4,3,11,18,94.3,113.4,94.3,0.226,0.488,0.482,44.8,62.5,5.3,11.8,0.446,10.6,15.7,0.167,0.534,10.3,22.2,0.161
6,6,11/6/23,@,HOU,L,97,122,,36,81,0.444,14,40,0.35,22,41,0.537,0.531,11,20,0.55,12,22,34,22,5,2,15,22,43,75,0.573,15,31,0.484,28,44,0.636,0.673,21,27,0.778,5,34,39,28,8,4,11,19,106.7,134.1,90.9,0.247,0.494,0.54,46.6,61.1,5.5,4.5,0.531,14.3,26.1,0.136,0.673,11.2,18.5,0.28
7,7,11/8/23,,POR,W,121,118,OT,41,89,0.461,11,37,0.297,30,52,0.577,0.522,28,38,0.737,15,35,50,32,11,6,21,24,44,87,0.506,8,22,0.364,36,65,0.554,0.552,22,29,0.759,7,29,36,26,10,5,18,29,111.7,108.9,98.1,0.427,0.416,0.572,58.1,78,10.2,9.2,0.522,16.6,34.1,0.315,0.552,15.3,16.7,0.253
8,8,11/10/23,,OKC,W,105,98,,38,91,0.418,13,47,0.277,25,44,0.568,0.489,16,21,0.762,16,36,52,28,10,9,18,22,39,87,0.448,7,30,0.233,32,57,0.561,0.489,13,16,0.813,5,33,38,22,9,5,16,15,104,97,101,0.231,0.516,0.524,57.8,73.7,9.9,15.8,0.489,15.2,32.7,0.176,0.489,14.5,12.2,0.149
9,9,11/13/23,,CLE,W,132,120,,49,83,0.59,20,42,0.476,29,41,0.707,0.711,14,22,0.636,8,29,37,32,3,4,10,19,45,91,0.495,16,35,0.457,29,56,0.518,0.582,14,17,0.824,14,25,39,24,3,1,11,18,142.1,129.2,92.9,0.265,0.506,0.712,48.7,65.3,3.2,7.1,0.711,9.7,24.2,0.169,0.582,10,32.6,0.154
10,10,11/15/23,@,LAL,W,125,110,,48,96,0.5,16,44,0.364,32,52,0.615,0.583,13,17,0.765,11,34,45,31,20,1,16,20,42,83,0.506,11,29,0.379,31,54,0.574,0.572,15,19,0.789,7,36,43,25,12,6,23,17,117.4,103.3,106.4,0.177,0.458,0.604,51.1,64.6,18.8,1.9,0.583,13.4,23.4,0.135,0.572,20.1,17.1,0.181
11,11,11/17/23,@,SAS,W,129,120,,46,85,0.541,18,42,0.429,28,43,0.651,0.647,19,24,0.792,4,38,42,31,10,2,14,22,43,92,0.467,15,36,0.417,28,56,0.5,0.549,19,23,0.826,6,36,42,33,7,3,15,21,120.9,112.4,106.7,0.282,0.494,0.675,50,67.4,9.4,3.6,0.647,12.8,10,0.224,0.549,12.8,13.6,0.207
12,12,11/19/23,@,DAL,W,129,113,,48,90,0.533,17,40,0.425,31,50,0.62,0.628,16,21,0.762,14,34,48,34,9,3,13,20,41,88,0.466,12,34,0.353,29,54,0.537,0.534,19,26,0.731,11,29,40,23,8,2,10,15,133.8,117.2,96.4,0.233,0.444,0.65,54.5,70.8,9.3,5.6,0.628,11.6,32.6,0.178,0.534,9.1,24.4,0.216
13,13,11/20/23,@,NOP,L,93,129,,33,87,0.379,11,45,0.244,22,42,0.524,0.443,16,24,0.667,9,27,36,27,4,5,13,21,50,92,0.543,12,28,0.429,38,64,0.594,0.609,17,21,0.81,10,45,55,38,8,6,12,19,92.9,128.9,100.1,0.276,0.517,0.477,39.6,81.8,4,7.8,0.443,11.8,16.7,0.184,0.609,10.6,27,0.185
14,14,11/22/23,@,NOP,L,112,117,,34,76,0.447,15,44,0.341,19,32,0.594,0.546,29,35,0.829,4,34,38,22,3,1,16,25,41,87,0.471,7,30,0.233,34,57,0.596,0.511,28,37,0.757,13,35,48,23,10,2,10,28,112.2,117.2,99.8,0.461,0.579,0.613,44.2,64.7,3,1.8,0.546,14.9,10.3,0.382,0.511,8.8,27.7,0.322
15,15,11/24/23,@,MIN,W,124,111,,49,100,0.49,17,35,0.486,32,65,0.492,0.575,9,11,0.818,14,32,46,25,7,4,13,19,36,82,0.439,12,33,0.364,24,49,0.49,0.512,27,29,0.931,10,34,44,25,6,9,18,18,123.2,110.2,100.7,0.11,0.35,0.591,51.1,51,7,8.2,0.575,11,29.2,0.09,0.512,16,23.8,0.329
16,16,11/28/23,,GSW,W,124,123,,41,91,0.451,15,44,0.341,26,47,0.553,0.533,27,42,0.643,12,34,46,25,8,7,10,23,40,83,0.482,17,41,0.415,23,42,0.548,0.584,26,30,0.867,9,43,52,25,6,6,20,31,117.3,116.3,105.7,0.462,0.484,0.566,46.9,61,7.6,16.7,0.533,8.4,21.8,0.297,0.584,17.2,20.9,0.313
17,17,11/29/23,,LAC,L,117,131,,40,86,0.465,13,41,0.317,27,45,0.6,0.541,24,28,0.857,13,34,47,22,1,1,14,20,50,93,0.538,14,28,0.5,36,65,0.554,0.613,17,22,0.773,8,29,37,28,8,5,7,20,119.4,133.7,98,0.326,0.477,0.595,56,55,1,1.5,0.541,12.5,31,0.279,0.613,6.4,19,0.183
18,18,12/2/23,,DEN,W,123,117,,48,99,0.485,16,34,0.471,32,65,0.492,0.566,11,15,0.733,9,38,47,33,7,5,11,14,49,99,0.495,6,25,0.24,43,74,0.581,0.525,13,20,0.65,8,38,46,35,9,7,11,14,114.8,109.2,107.1,0.152,0.343,0.582,50.5,68.8,6.5,6.8,0.566,9.4,19.1,0.111,0.525,9.3,17.4,0.131
19,19,12/4/23,,NOP,L,117,127,,38,85,0.447,14,41,0.341,24,44,0.545,0.529,27,33,0.818,11,27,38,29,8,2,14,18,47,87,0.54,14,31,0.452,33,56,0.589,0.621,19,23,0.826,13,29,42,29,12,7,14,22,120.2,130.5,97.3,0.388,0.482,0.588,47.5,76.3,8.2,3.6,0.529,12.3,27.5,0.318,0.621,12.6,32.5,0.218
20,20,12/8/23,@,PHO,W,114,106,,42,92,0.457,14,39,0.359,28,53,0.528,0.533,16,20,0.8,15,35,50,25,7,0,13,22,40,83,0.482,11,32,0.344,29,51,0.569,0.548,15,23,0.652,8,32,40,26,8,5,11,19,119.6,111.2,95.3,0.217,0.424,0.565,55.6,59.5,7.3,0,0.533,11.4,31.9,0.174,0.548,10.6,18.6,0.181
21,21,12/11/23,,BRK,W,131,118,,48,94,0.511,25,45,0.556,23,49,0.469,0.644,10,14,0.714,10,33,43,38,4,3,13,24,42,88,0.477,14,29,0.483,28,59,0.475,0.557,20,21,0.952,10,31,41,24,4,6,13,13,132,118.9,99.3,0.149,0.479,0.654,51.2,79.2,4,5.1,0.644,11.5,24.4,0.106,0.557,11.8,23.3,0.227
22,22,12/12/23,@,LAC,L,99,119,,36,86,0.419,10,37,0.27,26,49,0.531,0.477,17,24,0.708,7,31,38,27,8,2,14,19,44,84,0.524,11,29,0.379,33,55,0.6,0.589,20,21,0.952,6,43,49,21,7,2,17,17,96.8,116.3,102.3,0.279,0.43,0.513,43.7,75,7.8,3.6,0.477,12.7,14,0.198,0.589,15.4,16.2,0.238
23,23,12/14/23,,OKC,W,128,123,,47,95,0.495,18,45,0.4,29,50,0.58,0.589,16,21,0.762,11,36,47,32,6,4,17,22,44,102,0.431,11,36,0.306,33,66,0.5,0.485,24,27,0.889,16,28,44,26,8,7,14,25,119.8,115.2,106.8,0.221,0.474,0.614,51.6,68.1,5.6,6.1,0.589,14,28.2,0.168,0.485,10.9,30.8,0.235
24,24,12/16/23,,UTA,W,125,104,,46,85,0.541,22,45,0.489,24,40,0.6,0.671,11,15,0.733,8,37,45,36,6,2,18,17,38,86,0.442,12,37,0.324,26,49,0.531,0.512,16,21,0.762,9,28,37,28,8,3,13,12,126.9,105.5,98.5,0.176,0.529,0.682,54.9,78.3,6.1,4.1,0.671,16.4,22.2,0.129,0.512,12,19.6,0.186
25,25,12/18/23,,WAS,W,143,131,,53,100,0.53,17,43,0.395,36,57,0.632,0.615,20,26,0.769,9,33,42,35,8,5,7,24,44,85,0.518,18,38,0.474,26,47,0.553,0.624,25,30,0.833,5,34,39,26,3,6,12,21,136.1,124.7,105.1,0.26,0.43,0.642,51.9,66,7.6,10.6,0.615,5.9,20.9,0.2,0.624,10.9,13.2,0.294
26,26,12/20/23,,BOS,L,119,144,,43,91,0.473,21,44,0.477,22,47,0.468,0.588,12,23,0.522,12,25,37,29,4,8,7,15,51,92,0.554,22,42,0.524,29,50,0.58,0.674,20,24,0.833,14,36,50,35,6,10,9,17,125.8,152.2,94.6,0.253,0.484,0.588,42.5,67.4,4.2,16,0.588,6.5,25,0.132,0.674,8.1,35.9,0.217
27,27,12/22/23,,PHO,W,120,105,,44,83,0.53,12,38,0.316,32,45,0.711,0.602,20,26,0.769,7,30,37,32,7,7,14,24,39,88,0.443,5,25,0.2,34,63,0.54,0.472,22,28,0.786,15,30,45,19,8,4,15,19,122.3,107,98.1,0.313,0.458,0.635,45.1,72.7,7.1,11.1,0.602,12.9,18.9,0.241,0.472,13,33.3,0.25
28,28,12/23/23,,MIN,L,98,110,,37,85,0.435,8,33,0.242,29,52,0.558,0.482,16,21,0.762,8,32,40,23,10,2,11,20,44,87,0.506,10,33,0.303,34,54,0.63,0.563,12,14,0.857,7,36,43,31,9,5,12,18,102.4,114.9,95.7,0.247,0.388,0.52,48.2,62.2,10.4,3.7,0.482,10.5,18.2,0.188,0.563,11.4,17.9,0.138
29,29,12/26/23,@,POR,L,113,130,,45,93,0.484,10,42,0.238,35,51,0.686,0.538,13,16,0.813,11,29,40,25,5,7,12,16,49,98,0.5,16,40,0.4,33,58,0.569,0.582,16,20,0.8,16,30,46,28,5,5,10,17,115.9,133.3,97.5,0.172,0.452,0.565,46.5,55.6,5.1,12.1,0.538,10.7,26.8,0.14,0.582,8.6,35.6,0.163
30,30,12/29/23,@,ATL,W,117,110,,46,89,0.517,17,45,0.378,29,44,0.659,0.612,8,15,0.533,5,33,38,35,9,3,12,20,37,94,0.394,15,43,0.349,22,51,0.431,0.473,21,25,0.84,18,33,51,29,9,4,15,16,117.9,110.9,99.2,0.169,0.506,0.612,42.7,76.1,9.1,5.9,0.612,11.2,13.2,0.09,0.473,12.5,35.3,0.223
31,31,12/31/23,@,MEM,W,123,92,,47,92,0.511,16,33,0.485,31,59,0.525,0.598,13,17,0.765,9,50,59,28,2,4,13,22,30,82,0.366,12,40,0.3,18,42,0.429,0.439,20,28,0.714,1,33,34,20,4,1,8,14,122,91.3,100.8,0.185,0.359,0.618,63.4,59.6,2,9.5,0.598,11.6,21.4,0.141,0.439,7.8,2,0.244
32,32,1/2/24,,CHO,L,104,111,,40,92,0.435,14,36,0.389,26,56,0.464,0.511,10,17,0.588,15,33,48,23,8,2,21,23,42,82,0.512,12,34,0.353,30,48,0.625,0.585,15,19,0.789,4,31,35,23,8,10,15,15,103.2,110.1,100.8,0.185,0.391,0.523,57.8,57.5,7.9,4.2,0.511,17.4,32.6,0.109,0.585,14.2,10.8,0.183
33,33,1/3/24,,ORL,W,138,135,2OT,51,105,0.486,15,40,0.375,36,65,0.554,0.557,21,31,0.677,18,40,58,36,9,3,21,21,44,90,0.489,25,44,0.568,19,46,0.413,0.628,22,27,0.815,7,32,39,33,10,7,21,30,118.9,116.3,96,0.295,0.381,0.582,59.8,70.6,7.8,6.5,0.557,15,36,0.2,0.628,17.1,14.9,0.244
34,34,1/5/24,,TOR,W,135,130,,52,100,0.52,21,38,0.553,31,62,0.5,0.625,10,15,0.667,11,31,42,35,4,1,15,23,47,87,0.54,13,37,0.351,34,50,0.68,0.615,23,27,0.852,8,29,37,31,5,10,14,20,128.6,123.9,104.9,0.15,0.38,0.633,53.2,67.3,3.8,2,0.625,12.3,27.5,0.1,0.615,12.4,20.5,0.264
35,35,1/7/24,,NOP,L,100,133,,38,91,0.418,15,45,0.333,23,46,0.5,0.5,9,12,0.75,8,17,25,28,9,2,9,12,50,82,0.61,19,35,0.543,31,47,0.66,0.726,14,16,0.875,9,42,51,35,2,9,16,14,106.2,141.3,94.1,0.132,0.495,0.519,32.9,73.7,9.6,4.3,0.5,8.5,16,0.099,0.726,15.2,34.6,0.171
36,36,1/9/24,@,DET,W,131,110,,54,94,0.574,13,33,0.394,41,61,0.672,0.644,10,14,0.714,10,34,44,39,8,6,18,21,40,85,0.471,14,37,0.378,26,48,0.542,0.553,16,21,0.762,13,27,40,27,12,2,21,19,126.5,106.2,103.6,0.149,0.351,0.654,52.4,72.2,7.7,12.5,0.644,15.2,27,0.106,0.553,18.2,27.7,0.188
37,37,1/10/24,@,CHO,W,123,98,,46,89,0.517,13,35,0.371,33,54,0.611,0.59,18,23,0.783,14,39,53,24,2,8,10,15,35,87,0.402,16,38,0.421,19,49,0.388,0.494,12,16,0.75,8,28,36,17,2,3,10,16,131.7,104.9,93.4,0.258,0.393,0.62,59.6,52.2,2.1,16.3,0.59,9.2,33.3,0.202,0.494,9.6,17,0.138
38,38,1/12/24,@,PHI,L,93,112,,32,95,0.337,8,38,0.211,24,57,0.421,0.379,21,26,0.808,23,31,54,20,6,4,17,18,40,93,0.43,15,35,0.429,25,58,0.431,0.511,17,18,0.944,14,32,46,23,11,9,14,19,97.5,117.4,95.4,0.274,0.4,0.437,54,62.5,6.3,6.9,0.379,13.8,41.8,0.221,0.511,12.2,31.1,0.183
39,39,1/14/24,@,MIL,L,142,143,OT,55,105,0.524,17,41,0.415,38,64,0.594,0.605,15,20,0.75,9,38,47,34,6,2,9,19,48,92,0.522,20,43,0.465,28,49,0.571,0.63,27,32,0.844,4,36,40,31,5,3,14,22,125.9,126.8,102.2,0.19,0.39,0.624,54,61.8,5.3,4.1,0.605,7.3,20,0.143,0.63,11.7,9.5,0.293
40,40,1/16/24,@,PHO,L,117,119,,46,92,0.5,18,40,0.45,28,52,0.538,0.598,7,12,0.583,5,26,31,34,7,4,14,20,42,85,0.494,17,37,0.459,25,48,0.521,0.594,18,20,0.9,8,38,46,32,7,6,20,15,112.9,114.8,103.6,0.13,0.435,0.601,40.3,73.9,6.8,8.3,0.598,12.6,11.6,0.076,0.594,17.6,23.5,0.212
41,41,1/18/24,,IND,L,121,126,,44,85,0.518,15,37,0.405,29,48,0.604,0.606,18,32,0.563,8,30,38,27,7,6,11,20,49,89,0.551,13,33,0.394,36,56,0.643,0.624,15,19,0.789,4,30,34,33,5,6,12,20,119.1,124.1,101.6,0.376,0.435,0.611,52.8,61.4,6.9,10.7,0.606,10,21.1,0.212,0.624,11,11.8,0.169
42,42,1/22/24,,ATL,W,122,107,,43,93,0.462,12,38,0.316,31,55,0.564,0.527,24,27,0.889,10,41,51,22,8,2,9,21,36,93,0.387,14,40,0.35,22,53,0.415,0.462,21,27,0.778,13,37,50,19,2,7,12,19,120.5,105.7,101.3,0.29,0.409,0.582,50.5,51.2,7.9,3.8,0.527,7.9,21.3,0.258,0.462,10.3,24.1,0.226
43,43,1/25/24,@,GSW,W,134,133,,48,91,0.527,22,48,0.458,26,43,0.605,0.648,16,19,0.842,8,26,34,33,8,5,10,21,48,86,0.558,19,37,0.514,29,49,0.592,0.669,18,23,0.783,6,27,33,30,7,3,13,19,134.9,133.9,99.3,0.209,0.527,0.674,50.7,68.8,8.1,10.2,0.648,9.1,22.9,0.176,0.669,11.9,18.8,0.209
44,44,1/27/24,@,DAL,W,120,115,,43,80,0.538,11,30,0.367,32,50,0.64,0.606,23,30,0.767,6,33,39,27,4,10,14,20,43,98,0.439,16,46,0.348,27,52,0.519,0.52,13,18,0.722,13,30,43,35,7,2,10,24,121.2,116.2,99,0.375,0.375,0.644,47.6,62.8,4,19.2,0.606,13.1,16.7,0.288,0.52,8.6,28.3,0.133
45,45,1/29/24,@,MEM,W,103,94,,43,84,0.512,11,38,0.289,32,46,0.696,0.577,6,10,0.6,11,40,51,24,10,1,19,17,30,80,0.375,13,36,0.361,17,44,0.386,0.456,21,28,0.75,9,28,37,22,11,1,14,16,108.4,98.9,95,0.119,0.452,0.583,58,55.8,10.5,2.3,0.577,17.7,28.2,0.071,0.456,13.2,18.4,0.263
46,46,1/31/24,@,MIA,L,106,115,,41,93,0.441,12,40,0.3,29,53,0.547,0.505,12,18,0.667,12,32,44,26,6,3,9,17,42,84,0.5,13,28,0.464,29,56,0.518,0.577,18,23,0.783,7,42,49,38,3,2,10,16,110.4,119.8,96,0.194,0.43,0.525,47.3,63.4,6.3,5.4,0.505,8.2,22.2,0.129,0.577,9.6,17.9,0.214
47,47,2/2/24,@,IND,W,133,122,,51,90,0.567,13,34,0.382,38,56,0.679,0.639,18,28,0.643,9,29,38,26,15,3,17,17,46,85,0.541,10,29,0.345,36,56,0.643,0.6,20,24,0.833,8,31,39,23,13,3,22,20,122.9,112.8,108.2,0.311,0.378,0.65,49.4,51,13.9,5.4,0.639,14.2,22.5,0.2,0.6,18.7,21.6,0.235
48,48,2/3/24,@,CHI,W,123,115,,42,84,0.5,15,39,0.385,27,45,0.6,0.589,24,29,0.828,4,36,40,33,12,1,17,18,42,91,0.462,11,34,0.324,31,57,0.544,0.522,20,22,0.909,11,36,47,24,13,3,16,20,116.2,108.7,105.8,0.345,0.464,0.636,46,78.6,11.3,1.8,0.589,14.9,10,0.286,0.522,13.7,23.4,0.22
49,49,2/5/24,@,CLE,L,110,136,,43,93,0.462,17,44,0.386,26,49,0.531,0.554,7,12,0.583,10,30,40,28,5,1,12,18,51,88,0.58,23,41,0.561,28,47,0.596,0.71,11,17,0.647,5,40,45,36,10,5,9,15,111.5,137.9,98.6,0.129,0.473,0.56,47.1,65.1,5.1,2.1,0.554,10.9,20,0.075,0.71,8.6,14.3,0.125
50,50,2/7/24,,DET,L,120,133,,45,95,0.474,15,44,0.341,30,51,0.588,0.553,15,22,0.682,5,28,33,31,7,6,4,20,47,84,0.56,17,31,0.548,30,53,0.566,0.661,22,22,1,6,42,48,32,2,2,13,21,119.4,132.4,100.5,0.232,0.463,0.573,40.7,68.9,7,11.3,0.553,3.7,10.6,0.158,0.661,12.2,17.6,0.262
51,51,2/9/24,,DEN,W,135,106,,51,87,0.586,17,34,0.5,34,53,0.642,0.684,16,18,0.889,6,36,42,32,11,1,16,22,38,82,0.463,10,29,0.345,28,53,0.528,0.524,20,28,0.714,9,26,35,26,9,5,21,16,130,102,103.9,0.207,0.391,0.711,54.5,62.7,10.6,1.9,0.684,14.4,18.8,0.184,0.524,18.2,20,0.244
52,52,2/11/24,@,OKC,L,113,127,,44,90,0.489,16,42,0.381,28,48,0.583,0.578,9,13,0.692,10,30,40,32,5,5,18,22,46,85,0.541,13,27,0.481,33,58,0.569,0.618,22,27,0.815,5,31,36,30,8,9,11,17,111.9,125.7,101,0.144,0.467,0.59,52.6,72.7,4.9,8.6,0.578,15.8,24.4,0.1,0.618,10.2,14.3,0.259
53,53,2/13/24,@,PHO,L,125,130,,49,95,0.516,9,31,0.29,40,64,0.625,0.563,18,24,0.75,15,35,50,27,8,6,13,27,44,85,0.518,13,31,0.419,31,54,0.574,0.594,29,36,0.806,7,32,39,29,11,6,12,16,121.4,126.2,103,0.253,0.326,0.592,56.2,55.1,7.8,11.1,0.563,11,31.9,0.189,0.594,10.6,16.7,0.341
54,54,2/14/24,@,DEN,W,102,98,,39,89,0.438,9,33,0.273,30,56,0.536,0.489,15,19,0.789,10,38,48,21,7,5,15,18,35,89,0.393,9,26,0.346,26,63,0.413,0.444,19,22,0.864,12,33,45,27,6,5,12,18,104.6,100.5,97.5,0.213,0.371,0.524,51.6,53.8,7.2,7.9,0.489,13.3,23.3,0.169,0.444,10.8,24,0.213
55,55,2/22/24,,SAS,W,127,122,,52,93,0.559,13,33,0.394,39,60,0.65,0.629,10,14,0.714,7,35,42,29,5,6,10,12,50,98,0.51,11,25,0.44,39,73,0.534,0.566,11,16,0.688,11,31,42,37,9,5,8,12,126.6,121.6,100.3,0.151,0.355,0.64,50,55.8,5,8.2,0.629,9.2,18.4,0.108,0.566,7.1,23.9,0.112
56,56,2/25/24,@,LAC,W,123,107,,45,91,0.495,15,37,0.405,30,54,0.556,0.577,18,22,0.818,14,27,41,29,10,1,10,15,40,82,0.488,8,27,0.296,32,55,0.582,0.537,19,20,0.95,10,29,39,23,7,2,16,14,131.1,114.1,93.8,0.242,0.407,0.611,51.3,64.4,10.7,1.8,0.577,9,32.6,0.198,0.537,15,27,0.232
57,57,2/26/24,,MIA,L,110,121,,45,85,0.529,13,32,0.406,32,53,0.604,0.606,7,12,0.583,11,30,41,30,10,5,15,20,45,87,0.517,11,30,0.367,34,57,0.596,0.58,20,25,0.8,10,29,39,27,12,3,11,12,115.9,127.5,94.9,0.141,0.376,0.609,51.3,66.7,10.5,8.8,0.606,14.2,27.5,0.082,0.58,10.1,25,0.23
58,58,2/28/24,@,DEN,L,96,117,,38,95,0.4,12,35,0.343,26,60,0.433,0.463,8,13,0.615,15,28,43,28,8,5,14,14,46,86,0.535,15,35,0.429,31,51,0.608,0.622,10,11,0.909,5,38,43,35,10,6,16,17,97.5,118.9,98.4,0.137,0.368,0.477,50,73.7,8.1,9.8,0.463,12.2,28.3,0.084,0.622,15,15.2,0.116
59,59,3/1/24,@,MIN,W,124,120,OT,50,100,0.5,11,29,0.379,39,71,0.549,0.555,13,24,0.542,14,31,45,29,8,6,8,29,42,85,0.494,12,31,0.387,30,54,0.556,0.565,24,32,0.75,8,36,44,29,4,5,13,22,121.6,117.7,92.4,0.24,0.29,0.561,50.6,58,7.8,11.1,0.555,6.7,28,0.13,0.565,11.6,20.5,0.282
60,60,3/4/24,,CHI,L,109,113,,41,92,0.446,11,37,0.297,30,55,0.545,0.505,16,18,0.889,20,31,51,29,6,6,18,22,42,84,0.5,11,32,0.344,31,52,0.596,0.565,18,22,0.818,7,25,32,28,9,2,10,17,116.3,120.6,93.7,0.196,0.402,0.545,61.4,70.7,6.4,11.5,0.505,15.3,44.4,0.174,0.565,9.6,18.4,0.214
61,61,3/6/24,@,LAL,W,130,120,,54,97,0.557,12,31,0.387,42,66,0.636,0.619,10,12,0.833,9,37,46,32,8,2,14,23,42,81,0.519,15,32,0.469,27,49,0.551,0.611,21,25,0.84,3,31,34,25,4,5,14,14,125.4,115.8,103.7,0.124,0.32,0.636,57.5,59.3,7.7,4.1,0.619,12,22.5,0.103,0.611,13.2,7.5,0.259
62,62,3/7/24,,SAS,W,131,129,,52,102,0.51,10,32,0.313,42,70,0.6,0.559,17,18,0.944,14,32,46,31,8,3,13,15,46,91,0.505,16,33,0.485,30,58,0.517,0.593,21,21,1,9,28,37,39,8,4,12,20,127.7,125.7,102.6,0.176,0.314,0.596,55.4,59.6,7.8,5.2,0.559,10.6,33.3,0.167,0.593,10.7,22,0.231
63,63,3/10/24,,HOU,L,104,112,,39,86,0.453,6,32,0.188,33,54,0.611,0.488,20,23,0.87,7,37,44,24,10,5,13,20,39,84,0.464,12,29,0.414,27,55,0.491,0.536,22,27,0.815,6,36,42,23,8,1,12,18,104,111.9,100,0.267,0.372,0.541,51.2,61.5,10,9.1,0.488,11.9,16.3,0.233,0.536,11.1,14,0.262
64,64,3/12/24,,MIL,W,129,94,,49,92,0.533,18,40,0.45,31,52,0.596,0.63,13,16,0.813,6,45,51,34,11,1,9,26,30,82,0.366,7,39,0.179,23,43,0.535,0.409,27,35,0.771,10,34,44,23,3,2,13,18,129.4,94.3,99.7,0.174,0.435,0.651,53.7,69.4,11,2.3,0.63,8.3,15,0.141,0.409,11.8,18.2,0.329
65,65,3/13/24,,LAL,W,120,107,,46,88,0.523,19,41,0.463,27,47,0.574,0.631,9,12,0.75,9,35,44,30,11,2,14,19,38,78,0.487,14,32,0.438,24,46,0.522,0.577,17,22,0.773,7,31,38,25,8,2,14,12,126.1,112.4,95.2,0.136,0.466,0.643,53.7,65.2,11.6,4.3,0.631,13,22.5,0.102,0.577,13.8,16.7,0.218
66,66,3/16/24,,NYK,L,91,98,,30,85,0.353,10,37,0.27,20,48,0.417,0.412,21,26,0.808,11,31,42,22,7,5,12,20,37,86,0.43,11,39,0.282,26,47,0.553,0.494,13,16,0.813,10,42,52,19,8,9,16,21,95.4,102.7,95.4,0.306,0.435,0.472,44.7,73.3,7.3,10.6,0.412,11.1,20.8,0.247,0.494,14.7,24.4,0.151
67,67,3/18/24,,MEM,W,121,111,OT,42,94,0.447,11,35,0.314,31,59,0.525,0.505,26,32,0.813,15,44,59,30,7,10,19,25,37,98,0.378,13,38,0.342,24,60,0.4,0.444,24,30,0.8,15,34,49,22,13,7,14,23,111.9,102.7,97.9,0.34,0.372,0.56,54.6,71.4,6.5,16.7,0.505,15,30.6,0.277,0.444,11.2,25.4,0.245
68,68,3/20/24,@,TOR,W,123,89,,48,93,0.516,12,40,0.3,36,53,0.679,0.581,15,18,0.833,18,35,53,32,14,6,16,16,33,80,0.413,10,31,0.323,23,49,0.469,0.475,13,18,0.722,11,20,31,21,11,3,22,15,129.1,93.4,95.3,0.194,0.43,0.609,63.1,66.7,14.7,12.2,0.581,13.7,47.4,0.161,0.475,20,23.9,0.163
69,69,3/21/24,@,WAS,L,102,109,,37,86,0.43,11,39,0.282,26,47,0.553,0.494,17,19,0.895,10,27,37,21,12,7,15,20,41,81,0.506,10,25,0.4,31,56,0.554,0.568,17,23,0.739,10,35,45,20,9,3,20,19,104.3,111.5,97.8,0.221,0.453,0.54,45.1,56.8,12.3,12.5,0.494,13.7,22.2,0.198,0.568,18,27,0.21
70,70,3/23/24,@,ORL,W,109,107,,38,87,0.437,15,40,0.375,23,47,0.489,0.523,18,21,0.857,6,36,42,26,6,5,7,19,42,88,0.477,10,35,0.286,32,53,0.604,0.534,13,18,0.722,12,37,49,27,5,3,13,20,114.1,112.1,95.5,0.241,0.46,0.566,46.2,68.4,6.3,9.4,0.523,6.8,14,0.207,0.534,11.9,25,0.148
71,71,3/25/24,,PHI,W,108,96,,38,86,0.442,10,38,0.263,28,48,0.583,0.5,22,28,0.786,11,29,40,25,6,6,8,18,34,82,0.415,11,34,0.324,23,48,0.479,0.482,17,20,0.85,15,32,47,18,2,4,15,25,120.3,106.9,89.8,0.326,0.442,0.549,46,65.8,6.7,12.5,0.5,7.5,25.6,0.256,0.482,14.2,34.1,0.207
72,72,3/26/24,,DAL,L,96,132,,35,90,0.389,11,30,0.367,24,60,0.4,0.45,15,19,0.789,11,31,42,27,6,5,14,15,51,92,0.554,22,39,0.564,29,53,0.547,0.674,8,13,0.615,5,44,49,34,10,4,9,18,96,132,100,0.211,0.333,0.488,46.2,77.1,6,9.4,0.45,12.5,20,0.167,0.674,8.4,13.9,0.087
73,73,3/29/24,,DAL,L,103,107,,40,92,0.435,15,32,0.469,25,60,0.417,0.516,8,12,0.667,10,35,45,24,9,1,11,22,35,74,0.473,15,35,0.429,20,39,0.513,0.574,22,33,0.667,6,36,42,24,4,6,10,12,110.3,114.6,93.4,0.13,0.348,0.529,51.7,60,9.6,2.6,0.516,10.2,21.7,0.087,0.574,10.2,14.6,0.297
74,74,3/31/24,,UTA,W,127,106,,45,84,0.536,20,40,0.5,25,44,0.568,0.655,17,23,0.739,13,31,44,34,8,6,15,23,34,83,0.41,16,41,0.39,18,42,0.429,0.506,22,28,0.786,11,22,33,22,6,4,12,18,137.2,114.5,92.6,0.274,0.476,0.675,57.1,75.6,8.6,14.3,0.655,13.7,37.1,0.202,0.506,11.2,26.2,0.265
75,75,4/2/24,,LAC,W,109,95,,39,92,0.424,12,42,0.286,27,50,0.54,0.489,19,25,0.76,20,36,56,29,10,6,10,18,31,76,0.408,11,27,0.407,20,49,0.408,0.48,22,27,0.815,9,29,38,18,6,1,16,21,119.8,104.4,91,0.272,0.457,0.529,59.6,74.4,11,12.2,0.489,8.8,40.8,0.207,0.48,15.4,20,0.289
76,76,4/4/24,@,NYK,L,109,120,,42,86,0.488,18,42,0.429,24,44,0.545,0.593,7,12,0.583,9,26,35,26,6,3,16,23,44,80,0.55,12,28,0.429,32,52,0.615,0.625,20,29,0.69,9,30,39,34,9,2,13,20,114.4,125.9,95.3,0.14,0.488,0.597,47.3,61.9,6.3,5.8,0.593,14.9,23.1,0.081,0.625,12.3,25.7,0.25
77,77,4/5/24,@,BOS,L,100,101,,38,99,0.384,17,51,0.333,21,48,0.438,0.47,7,13,0.538,15,39,54,21,4,3,7,15,38,89,0.427,12,44,0.273,26,45,0.578,0.494,13,18,0.722,12,39,51,25,6,4,8,11,108.4,109.5,92.2,0.131,0.515,0.477,51.4,55.3,4.3,6.7,0.47,6.3,27.8,0.071,0.494,7.6,23.5,0.146
78,78,4/7/24,@,BRK,W,107,77,,40,94,0.426,15,48,0.313,25,46,0.543,0.505,12,16,0.75,11,43,54,31,8,12,9,17,30,86,0.349,7,30,0.233,23,56,0.411,0.39,10,13,0.769,7,39,46,17,5,5,17,14,108.9,78.4,98.2,0.17,0.511,0.529,54,77.5,8.1,21.4,0.505,8.2,22,0.128,0.39,15.6,14,0.116
79,79,4/9/24,@,OKC,L,105,112,,33,96,0.344,20,58,0.345,13,38,0.342,0.448,19,26,0.731,21,35,56,23,8,4,17,22,39,80,0.488,11,30,0.367,28,50,0.56,0.556,23,31,0.742,6,36,42,21,11,8,14,18,105.8,112.8,99.3,0.271,0.604,0.489,57.1,69.7,8.1,8,0.448,13.7,36.8,0.198,0.556,13,14.6,0.288
80,80,4/11/24,,NOP,L,123,135,,46,84,0.548,16,38,0.421,30,46,0.652,0.643,15,20,0.75,5,27,32,26,7,0,14,17,49,86,0.57,22,40,0.55,27,46,0.587,0.698,15,18,0.833,5,35,40,35,7,2,13,16,122.4,134.4,100.5,0.238,0.452,0.663,44.4,56.5,7,0,0.643,13.1,12.5,0.179,0.698,12.2,15.6,0.174
81,81,4/12/24,,PHO,L,107,108,,40,91,0.44,14,38,0.368,26,53,0.491,0.516,13,14,0.929,9,26,35,26,12,1,7,19,40,76,0.526,12,32,0.375,28,44,0.636,0.605,16,17,0.941,6,35,41,25,4,4,19,16,114.4,115.5,93.5,0.154,0.418,0.551,46.1,65,12.8,2.3,0.516,6.7,20.5,0.143,0.605,18.5,18.8,0.211
82,82,4/14/24,,POR,W,121,82,,43,87,0.494,13,34,0.382,30,53,0.566,0.569,22,27,0.815,13,38,51,29,11,6,14,19,31,98,0.316,7,45,0.156,24,53,0.453,0.352,13,17,0.765,23,31,54,18,11,2,18,19,125,84.7,96.8,0.31,0.391,0.612,48.6,67.4,11.4,11.3,0.569,12.4,29.5,0.253,0.352,14.6,37.7,0.133
1,1,10/24/24,,MIN,L,115,117,,38,82,0.463,11,29,0.379,27,53,0.509,0.53,28,35,0.8,4,34,38,21,7,2,9,18,41,86,0.477,20,50,0.4,21,36,0.583,0.593,15,17,0.882,6,36,42,24,3,2,17,24,113.4,115.3,101.4,0.427,0.354,0.59,47.5,55.3,6.9,5.6,0.53,8.5,10,0.341,0.593,15.4,15,0.174
2,2,10/26/24,@,LAL,L,127,131,,45,88,0.511,15,44,0.341,30,44,0.682,0.597,22,25,0.88,5,27,32,32,12,5,14,19,48,92,0.522,14,34,0.412,34,58,0.586,0.598,21,24,0.875,13,32,45,32,8,3,19,19,120.3,124.1,105.5,0.284,0.5,0.641,41.6,71.1,11.4,8.6,0.597,12.4,13.5,0.25,0.598,15.6,32.5,0.228
3,3,10/28/24,,POR,W,111,98,,37,81,0.457,14,35,0.4,23,46,0.5,0.543,23,25,0.92,9,31,40,25,8,6,16,27,35,83,0.422,4,22,0.182,31,61,0.508,0.446,24,30,0.8,12,34,46,17,5,4,18,22,113.4,100.1,97.9,0.309,0.432,0.603,46.5,67.6,8.2,9.8,0.543,14.8,20.9,0.284,0.446,15.8,27.9,0.289
4,4,10/29/24,@,UTA,W,113,96,,48,92,0.522,8,31,0.258,40,61,0.656,0.565,9,14,0.643,9,40,49,26,9,9,12,19,35,89,0.393,14,48,0.292,21,41,0.512,0.472,12,14,0.857,12,30,42,24,7,4,17,16,114.7,97.5,98.5,0.152,0.337,0.576,53.8,54.2,9.1,22,0.565,10.9,23.1,0.098,0.472,15.2,23.1,0.135
5,5,11/1/24,@,ATL,W,123,115,,43,89,0.483,11,33,0.333,32,56,0.571,0.545,26,30,0.867,10,41,51,28,9,4,14,21,41,92,0.446,19,50,0.38,22,42,0.524,0.549,14,18,0.778,8,32,40,30,8,4,13,22,119.1,111.3,103.3,0.337,0.371,0.602,56,65.1,8.7,9.5,0.545,12,23.8,0.292,0.549,11.5,16.3,0.152
6,6,11/2/24,@,TOR,L,128,131,OT,46,100,0.46,10,40,0.25,36,60,0.6,0.51,26,32,0.813,15,34,49,21,16,3,18,22,46,95,0.484,17,37,0.459,29,58,0.5,0.574,22,31,0.71,12,34,46,31,13,3,19,25,113.4,116,102.3,0.32,0.4,0.561,51.6,45.7,14.2,5.2,0.51,13.6,30.6,0.26,0.574,14.9,26.1,0.232
7,7,11/4/24,@,MIA,W,111,110,,44,86,0.512,10,27,0.37,34,59,0.576,0.57,13,15,0.867,11,28,39,23,5,4,14,28,37,85,0.435,15,36,0.417,22,49,0.449,0.524,21,30,0.7,8,28,36,24,9,6,11,15,116.9,115.8,95,0.174,0.314,0.599,52,52.3,5.3,8.2,0.57,13.1,28.2,0.151,0.524,10.1,22.2,0.247
8,8,11/6/24,,TOR,W,122,107,,42,90,0.467,10,35,0.286,32,55,0.582,0.522,28,32,0.875,15,32,47,26,7,5,10,13,43,88,0.489,10,34,0.294,33,54,0.611,0.545,11,15,0.733,8,26,34,25,7,1,12,23,128.2,112.4,95.2,0.356,0.389,0.586,58,61.9,7.4,9.3,0.522,8.8,36.6,0.311,0.545,11.3,20,0.125
9,9,11/8/24,,LAC,L,98,107,,37,78,0.474,3,26,0.115,34,52,0.654,0.494,21,24,0.875,5,30,35,19,6,3,14,19,36,81,0.444,14,30,0.467,22,51,0.431,0.531,21,23,0.913,12,36,48,20,7,2,21,21,101.2,110.5,96.8,0.308,0.333,0.553,42.2,51.4,6.2,5.9,0.494,13.7,12.2,0.269,0.531,18.7,28.6,0.259
10,10,11/10/24,@,PHO,W,127,118,OT,50,102,0.49,11,37,0.297,39,65,0.6,0.544,16,19,0.842,8,49,57,23,7,3,15,20,44,105,0.419,18,57,0.316,26,48,0.542,0.505,12,15,0.8,8,40,48,30,11,3,12,19,110.8,103,103.8,0.186,0.363,0.575,54.3,46,6.1,6.3,0.544,12,16.7,0.157,0.505,9.7,14,0.114
11,11,11/11/24,@,SAS,L,96,116,,39,91,0.429,10,38,0.263,29,53,0.547,0.484,8,9,0.889,9,28,37,18,11,4,11,14,43,85,0.506,22,46,0.478,21,39,0.538,0.635,8,8,1,8,36,44,31,5,5,18,10,100.7,121.7,95.3,0.099,0.418,0.505,45.7,46.2,11.5,10.3,0.484,10.4,20,0.088,0.635,16.9,22.2,0.094
12,12,11/13/24,,PHO,W,127,104,,50,78,0.641,15,28,0.536,35,50,0.7,0.737,12,17,0.706,6,39,45,38,7,8,17,20,36,97,0.371,13,43,0.302,23,54,0.426,0.438,19,26,0.731,19,21,40,23,12,2,10,12,132.9,108.8,95.6,0.218,0.359,0.743,52.9,76,7.3,14.8,0.737,16.6,22.2,0.154,0.438,8.4,32.8,0.196
13,13,11/15/24,,MIN,L,126,130,OT,48,96,0.5,12,37,0.324,36,59,0.61,0.563,18,20,0.9,11,40,51,21,6,7,13,17,48,101,0.475,20,49,0.408,28,52,0.538,0.574,14,16,0.875,10,31,41,26,9,4,11,19,119.7,123.5,95.4,0.208,0.385,0.601,55.4,43.8,5.7,13.5,0.563,11,26.2,0.188,0.574,9.2,20,0.139
14,14,11/16/24,,UTA,W,121,117,,42,83,0.506,19,41,0.463,23,42,0.548,0.62,18,25,0.72,9,26,35,24,6,3,14,29,37,75,0.493,12,26,0.462,25,49,0.51,0.573,31,42,0.738,11,22,33,16,11,3,16,20,127.4,123.2,95,0.301,0.494,0.644,51.5,57.1,6.3,6.1,0.62,13,29,0.217,0.573,14.6,29.7,0.413
15,15,11/18/24,,ATL,L,108,109,,37,85,0.435,20,46,0.435,17,39,0.436,0.553,14,19,0.737,9,36,45,24,9,4,17,20,39,83,0.47,16,38,0.421,23,45,0.511,0.566,15,18,0.833,6,31,37,34,7,7,14,19,110.5,111.5,97.8,0.224,0.541,0.578,54.9,64.9,9.2,8.9,0.553,15.4,22.5,0.165,0.566,13.3,14.3,0.181
16,16,11/22/24,@,LAC,L,88,104,,32,83,0.386,7,35,0.2,25,48,0.521,0.428,17,24,0.708,8,40,48,19,5,8,15,13,39,94,0.415,10,42,0.238,29,52,0.558,0.468,16,16,1,11,43,54,27,13,3,12,24,88.6,104.7,99.4,0.289,0.422,0.47,47.1,59.4,5,15.4,0.428,13.8,15.7,0.205,0.468,10.6,21.6,0.17
17,17,11/24/24,,BRK,L,103,108,,37,77,0.481,9,25,0.36,28,52,0.538,0.539,20,31,0.645,11,33,44,21,6,6,16,22,36,75,0.48,19,39,0.487,17,36,0.472,0.607,17,25,0.68,6,25,31,24,7,5,14,23,111.4,116.8,92.5,0.403,0.325,0.568,58.7,56.8,6.5,16.7,0.539,15,30.6,0.26,0.607,14,15.4,0.227
18,18,11/25/24,,OKC,L,109,130,,42,87,0.483,8,32,0.25,34,55,0.618,0.529,17,23,0.739,9,22,31,24,10,4,12,22,48,86,0.558,14,31,0.452,34,55,0.618,0.64,20,25,0.8,11,33,44,28,6,3,15,18,111.6,133.1,97.7,0.264,0.368,0.561,41.3,57.1,10.2,7.3,0.529,11,21.4,0.195,0.64,13.4,33.3,0.233
19,19,11/27/24,@,MIN,W,115,104,,46,94,0.489,12,37,0.324,34,57,0.596,0.553,11,15,0.733,12,35,47,28,8,3,17,21,33,74,0.446,14,39,0.359,19,35,0.543,0.541,24,27,0.889,4,29,33,25,11,9,15,19,116.6,105.4,98.6,0.16,0.394,0.572,58.8,60.9,8.1,8.6,0.553,14.5,29.3,0.117,0.541,14.9,10.3,0.324
20,20,11/29/24,@,POR,L,106,115,,35,78,0.449,15,42,0.357,20,36,0.556,0.545,21,28,0.75,11,30,41,29,7,4,20,19,46,90,0.511,11,37,0.297,35,53,0.66,0.572,12,15,0.8,8,32,40,27,10,3,12,17,108.4,117.6,97.8,0.359,0.538,0.587,50.6,82.9,7.2,7.5,0.545,18.1,25.6,0.269,0.572,11,21.1,0.133
21,21,12/1/24,,SAS,L,125,127,,47,101,0.465,12,32,0.375,35,69,0.507,0.525,19,24,0.792,21,30,51,32,8,5,10,23,42,82,0.512,23,46,0.5,19,36,0.528,0.652,20,24,0.833,8,30,38,32,6,9,16,17,127.9,130,97.7,0.238,0.317,0.56,57.3,68.1,8.2,13.9,0.525,8.2,41.2,0.188,0.652,14.7,21.1,0.244
22,22,12/3/24,,HOU,W,120,111,,47,91,0.516,14,30,0.467,33,61,0.541,0.593,12,20,0.6,10,24,34,33,7,8,10,20,41,93,0.441,14,39,0.359,27,54,0.5,0.516,15,21,0.714,18,35,53,14,6,1,16,23,124.9,115.6,96,0.22,0.33,0.601,39.1,70.2,7.3,14.8,0.593,9.1,22.2,0.132,0.516,13.5,42.9,0.161
23,23,12/5/24,@,MEM,L,110,115,,39,98,0.398,8,35,0.229,31,63,0.492,0.439,24,28,0.857,14,32,46,19,11,1,13,23,38,80,0.475,13,38,0.342,25,42,0.595,0.556,26,32,0.813,9,40,49,27,9,5,22,21,104.4,109.1,105.4,0.286,0.357,0.499,48.4,48.7,10.4,2.4,0.439,10.5,25.9,0.245,0.556,19,22,0.325
24,24,12/6/24,@,SAS,W,140,113,,51,90,0.567,16,34,0.471,35,56,0.625,0.656,22,24,0.917,7,37,44,33,7,6,11,20,39,91,0.429,14,41,0.341,25,50,0.5,0.505,21,30,0.7,12,30,42,28,8,5,14,20,135.9,109.7,103,0.267,0.378,0.696,51.2,64.7,6.8,12,0.656,9.9,18.9,0.244,0.505,11.8,24.5,0.231
25,25,12/8/24,,UTA,W,141,97,,57,100,0.57,22,44,0.5,35,56,0.625,0.68,5,8,0.625,9,34,43,39,10,7,8,17,31,80,0.388,15,42,0.357,16,38,0.421,0.481,20,21,0.952,9,29,38,21,6,6,20,17,142.6,98.1,98.9,0.08,0.44,0.681,53.1,68.4,10.1,18.4,0.68,7.2,23.7,0.05,0.481,18.3,20.9,0.25
26,26,12/12/24,@,NOP,W,111,109,,37,92,0.402,10,33,0.303,27,59,0.458,0.457,27,29,0.931,17,33,50,24,12,2,11,19,39,83,0.47,14,37,0.378,25,46,0.543,0.554,17,20,0.85,10,33,43,22,6,4,17,22,115.8,113.8,95.8,0.315,0.359,0.53,53.8,64.9,12.5,4.3,0.457,9.5,34,0.293,0.554,15.6,23.3,0.205
27,27,12/16/24,,DEN,L,129,130,,49,102,0.48,12,35,0.343,37,67,0.552,0.539,19,20,0.95,11,31,42,28,10,9,11,23,51,102,0.5,10,28,0.357,41,74,0.554,0.549,18,24,0.75,15,40,55,38,9,4,15,18,118.6,119.5,108.8,0.196,0.343,0.582,43.3,57.1,9.2,12.2,0.539,9,21.6,0.186,0.549,11.8,32.6,0.176
28,28,12/19/24,,LAL,L,100,113,,37,82,0.451,11,29,0.379,26,53,0.491,0.518,15,22,0.682,4,39,43,27,7,6,16,20,38,94,0.404,12,33,0.364,26,61,0.426,0.468,25,30,0.833,14,39,53,22,8,10,13,16,97.3,110,102.7,0.268,0.354,0.545,44.8,73,6.8,9.8,0.518,14.9,9.3,0.183,0.468,10.8,26.4,0.266
29,29,12/21/24,,LAL,L,99,103,,39,90,0.433,10,37,0.27,29,53,0.547,0.489,11,14,0.786,11,35,46,25,10,1,14,20,40,83,0.482,9,35,0.257,31,48,0.646,0.536,14,21,0.667,9,39,48,23,10,6,14,14,102.3,106.4,96.8,0.156,0.411,0.515,48.9,64.1,10.3,2.1,0.489,12.7,22,0.122,0.536,13.2,20.5,0.169
30,30,12/22/24,,IND,L,95,122,,35,96,0.365,12,38,0.316,23,58,0.397,0.427,13,17,0.765,15,32,47,21,3,3,10,11,50,86,0.581,17,39,0.436,33,47,0.702,0.68,5,8,0.625,6,44,50,36,7,5,12,15,99.3,127.5,95.7,0.177,0.396,0.459,48.5,60,3.1,6.4,0.427,8.8,25.4,0.135,0.68,11.8,15.8,0.058
31,31,12/26/24,,DET,L,113,114,,39,82,0.476,14,39,0.359,25,43,0.581,0.561,21,26,0.808,8,36,44,20,3,6,14,20,38,91,0.418,17,44,0.386,21,47,0.447,0.511,21,25,0.84,10,34,44,25,6,4,10,22,115.1,116.1,98.2,0.317,0.476,0.605,50,51.3,3.1,12.8,0.561,13,19,0.256,0.511,8.9,21.7,0.231
32,32,12/28/24,@,LAL,L,122,132,,50,98,0.51,11,40,0.275,39,58,0.672,0.566,11,15,0.733,13,26,39,38,7,2,10,26,46,77,0.597,14,26,0.538,32,51,0.627,0.688,26,33,0.788,4,29,33,33,4,3,11,13,125.2,135.5,97.4,0.153,0.408,0.583,54.2,76,7.2,3.9,0.566,8.7,31,0.112,0.688,10.7,13.3,0.338
33,33,12/30/24,,DAL,W,110,100,,42,100,0.42,10,32,0.313,32,68,0.471,0.47,16,19,0.842,18,40,58,25,8,1,16,23,32,76,0.421,12,31,0.387,20,45,0.444,0.5,24,29,0.828,2,34,36,17,8,13,18,20,107.1,97.3,102.7,0.19,0.32,0.508,61.7,59.5,7.8,2.2,0.47,12.9,34.6,0.16,0.5,16.9,4.8,0.316
34,34,1/1/25,,PHI,W,113,107,,41,84,0.488,9,31,0.29,32,53,0.604,0.542,22,24,0.917,14,31,45,24,11,4,17,14,40,84,0.476,15,40,0.375,25,44,0.568,0.565,12,14,0.857,8,26,34,24,10,5,19,22,116.8,110.6,96.7,0.286,0.369,0.598,57,58.5,11.4,9.1,0.542,15.2,35,0.262,0.565,17.4,20.5,0.143
35,35,1/3/25,,MEM,W,138,133,,49,99,0.495,21,47,0.447,28,52,0.538,0.601,19,23,0.826,10,27,37,32,10,8,10,23,43,89,0.483,17,37,0.459,26,52,0.5,0.579,30,36,0.833,14,37,51,31,5,4,17,20,131.2,126.4,105.2,0.232,0.475,0.632,42,65.3,9.5,15.4,0.601,8.4,21.3,0.192,0.579,14,34.1,0.337
36,36,1/5/25,@,GSW,W,129,99,,45,87,0.517,19,43,0.442,26,44,0.591,0.626,20,22,0.909,10,33,43,31,15,3,16,19,37,81,0.457,12,35,0.343,25,46,0.543,0.531,13,18,0.722,9,26,35,22,10,3,22,21,129.4,99.3,99.7,0.253,0.494,0.667,55.1,68.9,15,6.5,0.626,14.2,27.8,0.23,0.531,19.8,21.4,0.16
37,37,1/6/25,,MIA,W,123,118,2OT,45,108,0.417,13,38,0.342,32,70,0.457,0.477,20,26,0.769,18,42,60,30,7,8,15,20,43,102,0.422,11,42,0.262,32,60,0.533,0.475,21,27,0.778,12,41,53,25,14,6,14,19,109,104.6,93.4,0.241,0.352,0.515,53.1,66.7,6.2,13.3,0.477,11.2,30.5,0.185,0.475,10.9,22.2,0.206
38,38,1/10/25,@,BOS,W,114,97,,44,102,0.431,18,47,0.383,26,55,0.473,0.52,8,9,0.889,16,40,56,26,11,8,12,18,34,84,0.405,11,41,0.268,23,43,0.535,0.47,18,22,0.818,8,35,43,22,5,7,15,14,115.7,98.5,98.5,0.088,0.461,0.538,56.6,59.1,11.2,18.6,0.52,10.2,31.4,0.078,0.47,13.8,16.7,0.214
39,39,1/12/25,@,CHI,W,124,119,,47,95,0.495,13,39,0.333,34,56,0.607,0.563,17,21,0.81,11,42,53,33,4,3,8,14,43,93,0.462,18,37,0.486,25,56,0.446,0.559,15,20,0.75,8,37,45,26,4,4,8,18,124,119,100,0.221,0.411,0.595,54.1,70.2,4,5.4,0.563,7.1,22.9,0.179,0.559,7.3,16,0.161
40,40,1/14/25,@,MIL,L,115,130,,42,95,0.442,17,42,0.405,25,53,0.472,0.532,14,18,0.778,9,36,45,25,4,5,9,16,49,99,0.495,17,45,0.378,32,54,0.593,0.581,15,18,0.833,11,41,52,32,2,4,9,21,112.9,127.7,101.8,0.189,0.442,0.559,46.4,59.5,3.9,9.3,0.532,8,18,0.147,0.581,7.8,23.4,0.152
41,41,1/16/25,,HOU,W,132,127,,49,98,0.5,14,33,0.424,35,65,0.538,0.571,20,22,0.909,12,32,44,32,5,3,12,15,49,93,0.527,12,33,0.364,37,60,0.617,0.591,17,24,0.708,12,34,46,24,10,6,14,18,126.4,121.6,104.4,0.224,0.337,0.613,48.9,65.3,4.8,5,0.571,10,26.1,0.204,0.591,11.9,27.3,0.183
42,42,1/19/25,,WAS,W,123,100,,46,95,0.484,12,39,0.308,34,56,0.607,0.547,19,24,0.792,10,41,51,28,12,4,12,20,32,89,0.36,10,42,0.238,22,47,0.468,0.416,26,32,0.813,10,36,46,19,6,1,17,16,116,94.3,106,0.253,0.411,0.583,52.6,60.9,11.3,8.5,0.547,10.2,21.7,0.2,0.416,14.2,19.6,0.292
43,43,1/22/25,,GSW,W,123,117,,41,81,0.506,11,30,0.367,30,51,0.588,0.574,30,32,0.938,5,33,38,24,9,7,8,14,43,92,0.467,22,48,0.458,21,44,0.477,0.587,9,13,0.692,12,32,44,31,5,2,19,27,124.1,118,99.1,0.395,0.37,0.647,46.3,58.5,9.1,15.9,0.574,7.8,13.5,0.37,0.587,16.3,26.7,0.098
44,44,1/23/25,@,DEN,L,123,132,,47,107,0.439,15,41,0.366,32,66,0.485,0.509,14,19,0.737,17,36,53,31,5,3,13,20,49,101,0.485,13,37,0.351,36,64,0.563,0.55,21,31,0.677,15,41,56,30,10,8,11,14,113.5,121.8,108.4,0.178,0.383,0.533,48.6,66,4.6,4.7,0.509,10.1,29.3,0.131,0.55,8.8,29.4,0.208
45,45,1/25/25,@,NYK,L,120,143,,46,95,0.484,14,36,0.389,32,59,0.542,0.558,14,16,0.875,9,29,38,33,5,5,12,19,52,105,0.495,17,36,0.472,35,69,0.507,0.576,22,23,0.957,17,36,53,40,9,4,11,13,115.9,138.1,103.6,0.168,0.379,0.588,41.8,71.7,4.8,7.2,0.558,10.5,20,0.147,0.576,8.7,37,0.21
46,46,1/27/25,@,BRK,W,110,96,,45,82,0.549,9,28,0.321,36,54,0.667,0.604,11,17,0.647,11,33,44,31,7,4,18,24,30,82,0.366,10,36,0.278,20,46,0.435,0.427,26,30,0.867,16,23,39,19,9,3,16,20,118.4,103.3,92.9,0.207,0.341,0.615,53,68.9,7.5,8.7,0.604,16.7,32.4,0.134,0.427,14.4,32.7,0.317
47,47,1/29/25,@,PHI,L,104,117,,40,90,0.444,10,41,0.244,30,49,0.612,0.5,14,17,0.824,14,32,46,34,5,1,12,16,43,82,0.524,12,29,0.414,31,53,0.585,0.598,19,22,0.864,5,30,35,30,8,1,10,20,111.3,125.2,93.5,0.189,0.456,0.533,56.8,85,5.3,1.9,0.5,11,31.8,0.156,0.598,9.8,13.5,0.232
48,48,2/1/25,@,OKC,L,110,144,,40,100,0.4,11,44,0.25,29,56,0.518,0.455,19,26,0.731,9,28,37,25,8,5,8,10,57,107,0.533,19,46,0.413,38,61,0.623,0.621,11,16,0.688,20,50,70,37,5,6,12,18,103.9,136,105.9,0.26,0.44,0.494,34.6,62.5,7.6,8.2,0.455,6.7,15.3,0.19,0.621,9.5,41.7,0.103
49,49,2/3/25,@,MIN,W,116,114,,45,92,0.489,10,24,0.417,35,68,0.515,0.543,16,20,0.8,11,36,47,23,7,6,12,16,43,94,0.457,12,40,0.3,31,54,0.574,0.521,16,16,1,11,25,36,28,5,8,8,16,120.7,118.6,96.1,0.217,0.261,0.575,56.6,51.1,7.3,11.1,0.543,10.6,30.6,0.174,0.521,7.3,23.4,0.17
50,50,2/5/25,,ORL,L,111,130,,40,80,0.5,10,27,0.37,30,53,0.566,0.563,21,28,0.75,14,23,37,23,6,4,19,14,50,88,0.568,16,31,0.516,34,57,0.596,0.659,14,15,0.933,9,26,35,30,8,3,11,24,117.6,137.7,94.4,0.35,0.338,0.601,51.4,57.5,6.4,7,0.563,17.1,35,0.263,0.659,10.4,28.1,0.159
51,51,2/6/25,@,POR,L,102,108,,37,88,0.42,10,30,0.333,27,58,0.466,0.477,18,22,0.818,11,36,47,21,8,6,11,20,39,90,0.433,16,40,0.4,23,50,0.46,0.522,14,18,0.778,10,37,47,25,5,7,13,18,105.4,111.6,96.8,0.25,0.341,0.522,50,56.8,8.3,12,0.477,10.1,22.9,0.205,0.522,11.7,21.7,0.156
52,52,2/8/25,,NOP,W,123,118,,43,91,0.473,11,41,0.268,32,50,0.64,0.533,26,33,0.788,11,40,51,24,10,7,18,22,43,90,0.478,14,36,0.389,29,54,0.537,0.556,18,25,0.72,5,34,39,27,12,8,16,24,111.8,107.2,110,0.363,0.451,0.583,56.7,55.8,9.1,13,0.533,14.6,24.4,0.286,0.556,13.7,11.1,0.2
53,53,2/10/25,@,DAL,W,129,128,OT,53,96,0.552,9,26,0.346,44,70,0.629,0.599,14,19,0.737,13,37,50,28,3,3,21,22,49,95,0.516,15,37,0.405,34,58,0.586,0.595,15,24,0.625,5,28,33,31,11,4,13,19,116.3,115.4,100.4,0.198,0.271,0.618,60.2,52.8,2.7,5.2,0.599,16.8,31.7,0.146,0.595,11,11.9,0.158
54,54,2/12/25,@,NOP,W,119,111,,41,87,0.471,16,45,0.356,25,42,0.595,0.563,21,29,0.724,12,36,48,28,4,7,11,16,44,94,0.468,8,32,0.25,36,62,0.581,0.511,15,18,0.833,12,28,40,28,7,5,9,23,124.2,115.8,95.8,0.333,0.517,0.596,54.5,68.3,4.2,11.3,0.563,9.9,30,0.241,0.511,8.1,25,0.16
55,55,2/13/25,@,NOP,L,133,140,OT,49,112,0.438,17,47,0.362,32,65,0.492,0.513,18,21,0.857,21,37,58,38,8,1,15,19,46,92,0.5,21,50,0.42,25,42,0.595,0.614,27,34,0.794,7,38,45,32,11,7,10,17,121.4,127.8,99.2,0.188,0.42,0.548,56.3,77.6,7.3,2.4,0.513,11,35.6,0.161,0.614,8.5,15.9,0.293
56,56,2/21/25,,GSW,L,108,132,,40,79,0.506,11,32,0.344,29,47,0.617,0.576,17,18,0.944,11,28,39,26,8,3,24,16,50,93,0.538,20,43,0.465,30,50,0.6,0.645,12,12,1,11,24,35,40,13,3,12,19,111.4,136.1,97,0.228,0.405,0.621,52.7,65,8.3,6,0.576,21.6,31.4,0.215,0.645,10.9,28.2,0.129
57,57,2/24/25,,CHO,W,130,88,,47,87,0.54,20,38,0.526,27,49,0.551,0.655,16,18,0.889,11,38,49,30,12,4,18,18,30,85,0.353,10,40,0.25,20,45,0.444,0.412,18,24,0.75,15,22,37,24,14,4,19,16,133.4,90.3,97.4,0.207,0.437,0.685,57,63.8,12.3,8.9,0.655,15.9,33.3,0.184,0.412,16.6,28.3,0.212
58,58,2/26/25,@,UTA,W,118,101,,46,87,0.529,15,36,0.417,31,51,0.608,0.615,11,12,0.917,7,40,47,28,6,7,16,13,38,84,0.452,16,44,0.364,22,40,0.55,0.548,9,17,0.529,7,27,34,32,9,2,10,13,122.8,105.1,96.1,0.138,0.414,0.639,58,60.9,6.2,17.5,0.615,14.8,20.6,0.126,0.548,9.9,14.9,0.107
59,59,3/1/25,@,HOU,W,113,103,,44,87,0.506,9,28,0.321,35,59,0.593,0.557,16,21,0.762,13,33,46,21,13,5,14,17,37,86,0.43,13,35,0.371,24,51,0.471,0.506,16,23,0.696,13,30,43,18,7,2,16,16,117.8,107.4,95.9,0.241,0.322,0.587,51.7,47.7,13.6,9.8,0.557,12.7,30.2,0.184,0.506,14.3,28.3,0.186
60,60,3/3/25,@,DAL,W,122,98,,47,90,0.522,16,34,0.471,31,56,0.554,0.611,12,12,1,9,28,37,34,4,4,7,16,35,77,0.455,7,26,0.269,28,51,0.549,0.5,21,24,0.875,7,30,37,28,5,1,14,13,133.5,107.2,91.4,0.133,0.378,0.64,50,72.3,4.4,7.8,0.611,6.8,23.1,0.133,0.5,13.8,20,0.273
61,61,3/5/25,@,DEN,L,110,116,,44,96,0.458,11,27,0.407,33,69,0.478,0.516,11,14,0.786,14,31,45,22,8,6,12,20,40,87,0.46,12,35,0.343,28,52,0.538,0.529,24,30,0.8,11,35,46,28,5,8,13,14,111.9,118,98.3,0.146,0.281,0.538,49.5,50,8.1,11.5,0.516,10.5,28.6,0.115,0.529,11.5,26.2,0.276
62,62,3/7/25,,SAS,W,127,109,,49,96,0.51,17,38,0.447,32,58,0.552,0.599,12,19,0.632,16,35,51,31,6,4,8,16,40,87,0.46,16,42,0.381,24,45,0.533,0.552,13,23,0.565,9,27,36,27,7,4,8,17,136,116.7,93.4,0.198,0.396,0.608,58.6,63.3,6.4,8.9,0.599,7.1,37.2,0.125,0.552,7.6,20.5,0.149
63,63,3/9/25,@,LAC,L,110,111,OT,40,87,0.46,9,34,0.265,31,53,0.585,0.511,21,25,0.84,8,40,48,27,6,1,8,19,43,81,0.531,10,31,0.323,33,50,0.66,0.593,15,25,0.6,3,35,38,23,4,5,10,20,113.5,114.5,87.8,0.287,0.391,0.561,55.8,67.5,6.2,2,0.511,7.5,18.6,0.241,0.593,9.8,7,0.185
64,64,3/10/25,,NYK,L,104,133,,36,86,0.419,10,34,0.294,26,52,0.5,0.477,22,26,0.846,14,23,37,18,7,4,18,20,45,84,0.536,22,40,0.55,23,44,0.523,0.667,21,26,0.808,6,34,40,34,13,1,16,24,103.7,132.6,100.3,0.302,0.395,0.534,48.1,50,7,9.1,0.477,15.6,29.2,0.256,0.667,14.4,20.7,0.25
65,65,3/13/25,@,GSW,L,104,130,,37,79,0.468,14,37,0.378,23,42,0.548,0.557,16,22,0.727,5,25,30,25,7,4,15,15,45,78,0.577,22,39,0.564,23,39,0.59,0.718,18,24,0.75,7,36,43,35,8,5,16,21,107.7,134.6,96.6,0.278,0.468,0.586,41.1,67.6,7.2,10.3,0.557,14.5,12.2,0.203,0.718,15.3,21.9,0.231
66,66,3/14/25,@,PHO,L,106,122,,40,81,0.494,8,32,0.25,32,49,0.653,0.543,18,20,0.9,12,28,40,25,7,1,19,18,41,79,0.519,24,43,0.558,17,36,0.472,0.671,16,19,0.842,7,27,34,33,12,3,14,15,113.4,130.5,93.5,0.247,0.395,0.59,54.1,62.5,7.5,2.8,0.543,17.5,30.8,0.222,0.671,13.8,20,0.203
67,67,3/17/25,,MEM,W,132,122,,46,88,0.523,20,41,0.488,26,47,0.553,0.636,20,30,0.667,10,28,38,35,11,7,14,21,44,90,0.489,13,30,0.433,31,60,0.517,0.561,21,21,1,15,33,48,24,8,7,18,22,130.2,120.3,101.4,0.341,0.466,0.652,44.2,76.1,10.8,11.7,0.636,12.2,23.3,0.227,0.561,15.4,34.9,0.233
68,68,3/19/25,,CLE,W,123,119,,46,91,0.505,16,35,0.457,30,56,0.536,0.593,15,16,0.938,14,27,41,28,9,1,13,20,46,84,0.548,13,34,0.382,33,50,0.66,0.625,14,18,0.778,8,29,37,24,7,1,12,14,130.4,126.2,94.3,0.176,0.385,0.627,52.6,60.9,9.5,2,0.593,11.7,32.6,0.165,0.625,11.5,22.9,0.167
69,69,3/20/25,,CHI,L,116,128,,41,86,0.477,15,39,0.385,26,47,0.553,0.564,19,23,0.826,9,27,36,27,4,5,12,22,45,86,0.523,15,35,0.429,30,51,0.588,0.61,23,26,0.885,12,28,40,32,9,2,14,19,120.6,133.1,96.2,0.267,0.453,0.603,47.4,65.9,4.2,9.8,0.564,11.1,24.3,0.221,0.61,12.6,30.8,0.267
70,70,3/22/25,,MIL,L,108,114,,41,91,0.451,9,38,0.237,32,53,0.604,0.5,17,22,0.773,14,30,44,21,4,2,8,17,44,84,0.524,13,31,0.419,31,53,0.585,0.601,13,20,0.65,11,31,42,22,6,3,10,17,118.9,125.5,90.8,0.242,0.418,0.536,51.2,51.2,4.4,3.8,0.5,7.4,31.1,0.187,0.601,9.7,26.8,0.155
71,71,3/24/25,,BOS,L,95,113,,39,86,0.453,8,24,0.333,31,62,0.5,0.5,9,11,0.818,8,37,45,23,7,1,15,18,41,90,0.456,19,50,0.38,22,40,0.55,0.561,12,20,0.6,10,35,45,28,9,4,10,14,98.5,117.2,96.4,0.128,0.279,0.523,50,59,7.3,2.5,0.5,14.2,18.6,0.105,0.561,9.2,21.3,0.133
72,72,3/25/25,,OKC,L,105,121,,37,91,0.407,23,47,0.489,14,44,0.318,0.533,8,12,0.667,5,31,36,32,10,7,11,15,43,82,0.524,19,32,0.594,24,50,0.48,0.64,16,20,0.8,6,46,52,30,7,6,17,18,104.3,120.2,100.7,0.132,0.516,0.545,40.9,86.5,9.9,14,0.533,10.3,9.8,0.088,0.64,15.8,16.2,0.195
73,73,3/27/25,,POR,W,128,107,,48,74,0.649,10,27,0.37,38,47,0.809,0.716,22,27,0.815,9,37,46,24,8,3,21,23,35,88,0.398,16,50,0.32,19,38,0.5,0.489,21,26,0.808,15,17,32,23,11,3,12,20,134.6,112.5,95.1,0.365,0.365,0.745,59,50,8.4,7.9,0.716,19.6,34.6,0.297,0.489,10.8,28.8,0.239
74,74,3/29/25,@,ORL,L,91,121,,34,81,0.42,7,28,0.25,27,53,0.509,0.463,16,20,0.8,9,32,41,17,6,6,16,21,44,89,0.494,18,39,0.462,26,50,0.52,0.596,15,24,0.625,13,36,49,31,10,2,14,18,94,125,96.8,0.247,0.346,0.507,45.6,50,6.2,12,0.463,15.1,20,0.198,0.596,12.3,28.9,0.169
75,75,3/31/25,@,IND,L,109,111,,43,92,0.467,12,27,0.444,31,65,0.477,0.533,11,17,0.647,6,39,45,22,7,2,12,18,42,90,0.467,14,41,0.341,28,49,0.571,0.544,13,13,1,6,34,40,28,6,5,13,14,106.7,108.7,102.1,0.185,0.293,0.548,52.9,51.2,6.9,4.1,0.533,10.8,15,0.12,0.544,12,13.3,0.144
76,76,4/2/25,@,WAS,L,111,116,,40,95,0.421,10,39,0.256,30,56,0.536,0.474,21,28,0.75,17,31,48,25,10,3,11,16,43,84,0.512,17,43,0.395,26,41,0.634,0.613,13,18,0.722,7,34,41,24,6,3,14,21,114,119.2,97.4,0.295,0.411,0.517,53.9,62.5,10.3,7.3,0.474,9.3,33.3,0.221,0.613,13.2,18.4,0.155
77,77,4/4/25,@,CHO,W,125,102,,45,91,0.495,16,36,0.444,29,55,0.527,0.582,19,23,0.826,10,34,44,26,4,3,8,28,33,83,0.398,8,35,0.229,25,48,0.521,0.446,28,34,0.824,11,34,45,17,2,2,13,19,129.2,105.4,96.8,0.253,0.396,0.618,49.4,57.8,4.1,6.3,0.582,7.3,22.7,0.209,0.446,11.7,24.4,0.337
78,78,4/6/25,@,CLE,W,120,113,,44,82,0.537,14,33,0.424,30,49,0.612,0.622,18,22,0.818,8,31,39,25,10,3,17,14,46,88,0.523,10,38,0.263,36,50,0.72,0.58,11,19,0.579,13,26,39,31,11,5,16,17,122.1,115,98.3,0.268,0.402,0.654,50,56.8,10.2,6,0.622,15.6,23.5,0.22,0.58,14.2,29.5,0.125
79,79,4/7/25,@,DET,W,127,117,,47,91,0.516,11,27,0.407,36,64,0.563,0.577,22,27,0.815,18,32,50,20,5,4,12,21,42,89,0.472,13,39,0.333,29,50,0.58,0.545,20,28,0.714,13,24,37,30,8,4,9,23,134.9,124.3,94.1,0.297,0.297,0.617,57.5,42.6,5.3,8,0.577,10.4,42.9,0.242,0.545,8.2,28.9,0.225
80,80,4/9/25,,DEN,L,116,124,,43,92,0.467,16,36,0.444,27,56,0.482,0.554,14,17,0.824,11,29,40,25,2,5,8,22,43,86,0.5,13,34,0.382,30,52,0.577,0.576,25,31,0.806,12,33,45,30,7,5,7,16,125,133.6,92.8,0.185,0.391,0.583,47.1,58.1,2.2,9.6,0.554,7.4,25,0.152,0.576,6.6,29.3,0.291
81,81,4/11/25,,LAC,L,100,101,,37,85,0.435,10,31,0.323,27,54,0.5,0.494,16,17,0.941,11,32,43,23,5,1,11,18,40,78,0.513,7,21,0.333,33,57,0.579,0.558,14,18,0.778,7,30,37,19,6,2,12,19,111.8,112.9,89.5,0.2,0.365,0.541,53.8,62.2,5.6,1.8,0.494,10.6,26.8,0.188,0.558,12.3,17.9,0.179
82,82,4/13/25,,PHO,W,109,98,,46,88,0.523,14,34,0.412,32,54,0.593,0.602,3,3,1,10,33,43,31,6,4,13,7,40,84,0.476,15,44,0.341,25,40,0.625,0.565,3,6,0.5,9,28,37,28,6,1,13,9,121.3,109.1,89.8,0.034,0.386,0.61,53.8,67.4,6.7,10,0.602,12.7,26.3,0.034,0.565,13,21.4,0.036