Rk,Gtm,Date,,Opp,Rslt,Tm,Opp,OT,FG,FGA,FG%,3P,3PA,3P%,2P,2PA,2P%,eFG%,FT,FTA,FT%,ORB,DRB,TRB,AST,STL,BLK,TOV,PF,FG_Opp,FGA_Opp,FG%_Opp,3P_Opp,3PA_Opp,3P%_Opp,2P_Opp,2PA_Opp,2P%_Opp,eFG%_Opp,FT_Opp,FTA_Opp,FT%_Opp,ORB_Opp,DRB_Opp,TRB_Opp,AST_Opp,STL_Opp,BLK_Opp,TOV_Opp,PF_Opp,ORtg,DRtg,Pace,FTr,3PAr,TS%,TRB%,AST%,STL%,BLK%,eFG%,TOV%,ORB%,FT/FGA,eFG%,TOV%,ORB%,FT/FGA
1,1,2021-10-20,,DEN,L,98,110,,36,87,0.414,14,37,0.378,22,50,0.440,0.494,12,17,0.706,11,34,45,23,9,3,18,18,44,83,0.530,17,39,0.436,27,44,0.614,0.633,5,9,0.556,6,40,46,25,9,1,19,20,98.3,110.3,99.7,0.195,0.425,0.519,49.5,63.9,9.0,6.8,0.494,16.0,21.6,0.138,0.633,17.9,15.0,0.060
2,2,2021-10-22,@,LAL,W,115,105,,42,86,0.488,10,32,0.313,32,54,0.593,0.547,21,28,0.750,7,40,47,31,8,2,12,22,34,86,0.395,15,34,0.441,19,52,0.365,0.483,22,29,0.759,12,34,46,25,7,3,16,26,113.9,104.0,101.0,0.326,0.372,0.585,50.5,73.8,7.9,3.8,0.547,10.9,17.1,0.244,0.483,13.9,23.1,0.256
3,3,2021-10-23,@,POR,L,105,134,,43,89,0.483,9,28,0.321,34,61,0.557,0.534,10,15,0.667,7,31,38,27,6,1,14,19,51,94,0.543,21,50,0.420,30,44,0.682,0.654,11,17,0.647,8,40,48,24,8,5,9,15,103.9,132.7,101.0,0.169,0.315,0.549,44.2,62.8,5.9,2.3,0.534,12.8,14.9,0.112,0.654,8.1,20.5,0.117
4,4,2021-10-27,,SAC,L,107,110,,42,93,0.452,6,22,0.273,36,71,0.507,0.484,17,24,0.708,14,42,56,23,6,6,11,16,42,95,0.442,15,38,0.395,27,57,0.474,0.521,11,15,0.733,8,32,40,28,7,6,12,20,106.5,109.5,100.5,0.258,0.237,0.517,58.3,54.8,6.0,10.5,0.484,9.6,30.4,0.183,0.521,10.6,16.0,0.116
5,5,2021-10-30,,CLE,W,101,92,,39,84,0.464,6,26,0.231,33,58,0.569,0.500,17,27,0.630,8,44,52,27,12,3,15,14,36,91,0.396,14,44,0.318,22,47,0.468,0.473,6,7,0.857,10,37,47,21,8,3,19,21,99.4,90.6,101.6,0.321,0.310,0.527,52.5,69.2,11.8,6.4,0.500,13.5,17.8,0.202,0.473,16.8,18.5,0.066
6,6,2021-11-02,,NOP,W,112,100,,43,82,0.524,9,26,0.346,34,56,0.607,0.579,17,18,0.944,7,35,42,32,8,4,19,17,36,91,0.396,13,39,0.333,23,52,0.442,0.467,15,16,0.938,14,29,43,21,17,6,18,16,112.7,100.7,99.3,0.220,0.317,0.623,49.4,74.4,8.1,7.7,0.579,17.4,19.4,0.207,0.467,15.5,28.6,0.165
7,7,2021-11-04,,HOU,W,123,111,,44,93,0.473,14,31,0.452,30,62,0.484,0.548,21,23,0.913,13,33,46,29,12,8,12,24,38,88,0.432,11,32,0.344,27,56,0.482,0.494,24,28,0.857,7,36,43,25,4,4,19,21,117.6,106.2,104.6,0.247,0.333,0.596,51.7,65.9,11.5,14.3,0.548,10.4,26.5,0.226,0.494,15.9,17.5,0.273
8,8,2021-11-06,,ATL,W,121,117,,45,88,0.511,14,43,0.326,31,45,0.689,0.591,17,21,0.810,5,37,42,26,8,6,12,22,42,97,0.433,13,33,0.394,29,64,0.453,0.500,20,23,0.870,14,36,50,18,3,1,12,16,118.1,114.2,102.4,0.239,0.489,0.622,45.7,57.8,7.8,9.4,0.591,11.0,12.2,0.193,0.500,10.1,27.5,0.206
9,9,2021-11-08,@,SAC,W,109,104,,44,93,0.473,12,30,0.400,32,63,0.508,0.538,9,11,0.818,5,33,38,28,14,9,15,21,37,82,0.451,10,24,0.417,27,58,0.466,0.512,20,26,0.769,8,38,46,18,6,6,24,18,102.2,97.5,106.7,0.118,0.323,0.557,45.2,63.6,13.1,15.5,0.538,13.3,11.6,0.097,0.512,20.4,19.5,0.244
10,10,2021-11-10,,POR,W,119,109,,49,94,0.521,11,28,0.393,38,66,0.576,0.580,10,12,0.833,9,30,39,27,6,6,11,20,44,91,0.484,7,30,0.233,37,61,0.607,0.522,14,16,0.875,14,32,46,24,5,2,16,21,121.0,110.9,98.3,0.128,0.298,0.599,45.9,55.1,6.1,9.8,0.580,10.0,22.0,0.106,0.522,14.0,31.8,0.154
11,11,2021-11-12,@,MEM,W,119,94,,46,94,0.489,18,37,0.486,28,57,0.491,0.585,9,9,1.000,4,42,46,28,12,6,12,22,37,98,0.378,7,33,0.212,30,65,0.462,0.413,13,23,0.565,17,42,59,19,6,6,15,16,114.1,90.2,104.3,0.096,0.394,0.607,43.8,60.9,11.5,9.2,0.585,10.9,8.7,0.096,0.413,12.2,28.8,0.133
12,12,2021-11-14,@,HOU,W,115,89,,42,97,0.433,14,40,0.350,28,57,0.491,0.505,17,20,0.850,12,40,52,19,16,7,10,19,35,85,0.412,7,32,0.219,28,53,0.528,0.453,12,18,0.667,9,39,48,19,7,5,23,19,111.4,86.2,103.3,0.206,0.412,0.543,52.0,45.2,15.5,13.2,0.505,8.6,23.5,0.175,0.453,19.8,18.4,0.141
13,13,2021-11-15,@,MIN,W,99,96,,32,85,0.376,7,31,0.226,25,54,0.463,0.418,28,36,0.778,14,38,52,21,8,2,15,23,31,85,0.365,13,44,0.295,18,41,0.439,0.441,21,27,0.778,13,41,54,18,8,3,21,28,98.0,95.0,101.0,0.424,0.365,0.491,49.1,65.6,7.9,4.9,0.418,12.9,25.5,0.329,0.441,17.8,25.5,0.247
14,14,2021-11-17,,DAL,W,105,98,,41,93,0.441,13,39,0.333,28,54,0.519,0.511,10,14,0.714,8,41,49,27,6,7,8,9,38,91,0.418,16,32,0.500,22,59,0.373,0.505,6,6,1.000,8,41,49,28,5,2,10,14,109.6,102.3,95.8,0.151,0.419,0.529,50.0,65.9,6.3,11.9,0.511,7.5,16.3,0.108,0.505,9.6,16.3,0.066
15,15,2021-11-19,,DAL,W,112,104,,44,85,0.518,14,29,0.483,30,56,0.536,0.600,10,14,0.714,10,43,53,28,7,4,18,22,37,90,0.411,12,40,0.300,25,50,0.500,0.478,18,23,0.783,10,30,40,25,15,1,10,17,114.2,106.1,98.1,0.165,0.341,0.614,57.0,63.6,7.1,8.0,0.600,16.5,25.0,0.118,0.478,9.1,18.9,0.200
16,16,2021-11-21,,DEN,W,126,97,,46,87,0.529,11,36,0.306,35,51,0.686,0.592,23,26,0.885,10,41,51,34,7,3,13,20,33,90,0.367,11,38,0.289,22,52,0.423,0.428,20,28,0.714,12,30,42,20,5,1,10,22,128.0,98.6,98.4,0.299,0.414,0.640,54.8,73.9,7.1,5.8,0.592,11.7,25.0,0.264,0.428,8.9,22.6,0.222
17,17,2021-11-22,@,SAS,W,115,111,,45,88,0.511,12,27,0.444,33,61,0.541,0.580,13,16,0.813,11,33,44,25,10,0,15,18,49,93,0.527,5,20,0.250,44,73,0.603,0.554,8,16,0.500,11,33,44,23,9,4,15,16,114.7,110.7,100.3,0.182,0.307,0.605,50.0,55.6,10.0,0.0,0.580,13.6,25.0,0.148,0.554,13.0,25.0,0.086
18,18,2021-11-24,@,CLE,W,120,115,,45,86,0.523,8,22,0.364,37,64,0.578,0.570,22,28,0.786,10,37,47,26,4,2,15,23,43,97,0.443,12,39,0.308,31,58,0.534,0.505,17,25,0.680,13,31,44,22,7,0,10,23,117.9,113.0,101.7,0.326,0.256,0.610,51.6,57.8,3.9,3.4,0.570,13.2,24.4,0.256,0.505,8.5,26.0,0.175
19,19,2021-11-26,@,NYK,W,118,97,,44,79,0.557,13,28,0.464,31,51,0.608,0.639,17,21,0.810,1,34,35,28,10,2,11,19,34,92,0.370,12,39,0.308,22,53,0.415,0.435,17,22,0.773,17,34,51,13,7,1,16,20,122.0,100.3,96.7,0.266,0.354,0.669,40.7,63.6,10.3,3.8,0.639,11.1,2.9,0.215,0.435,13.6,33.3,0.185
20,20,2021-11-27,@,BRK,W,113,107,,41,92,0.446,13,38,0.342,28,54,0.519,0.516,18,21,0.857,11,30,41,17,11,1,13,17,42,84,0.500,7,23,0.304,35,61,0.574,0.542,16,21,0.762,10,37,47,25,7,5,20,15,111.8,105.9,101.0,0.228,0.413,0.558,46.6,41.5,10.9,1.6,0.516,11.4,22.9,0.196,0.542,17.7,25.0,0.190
21,21,2021-11-30,,GSW,W,104,96,,43,87,0.494,12,30,0.400,31,57,0.544,0.563,6,11,0.545,8,27,35,28,12,4,13,12,36,86,0.419,14,40,0.350,22,46,0.478,0.500,10,14,0.714,15,36,51,25,7,5,23,13,108.7,100.3,95.7,0.126,0.345,0.566,40.7,65.1,12.5,8.7,0.563,12.4,18.2,0.069,0.500,20.0,35.7,0.116
22,22,2021-12-02,,DET,W,114,103,,43,79,0.544,12,21,0.571,31,58,0.534,0.620,16,23,0.696,6,38,44,23,8,3,15,20,36,80,0.450,11,27,0.407,25,53,0.472,0.519,20,26,0.769,7,29,36,20,6,6,13,22,118.3,106.9,96.3,0.291,0.266,0.640,55.0,53.5,8.3,5.7,0.620,14.4,17.1,0.203,0.519,12.4,15.6,0.250
23,23,2021-12-03,@,GSW,L,96,118,,31,81,0.383,8,22,0.364,23,59,0.390,0.432,26,35,0.743,9,29,38,23,9,3,16,15,45,92,0.489,19,39,0.487,26,53,0.491,0.592,9,12,0.750,11,40,51,30,10,8,17,29,95.5,117.3,100.6,0.432,0.272,0.498,42.7,74.2,8.9,5.7,0.432,14.2,18.4,0.321,0.592,14.9,27.5,0.098
24,24,2021-12-06,,SAS,W,108,104,,43,94,0.457,10,29,0.345,33,65,0.508,0.511,12,18,0.667,15,34,49,27,6,4,17,20,40,93,0.430,11,29,0.379,29,64,0.453,0.489,13,19,0.684,9,32,41,31,12,6,15,18,105.6,101.7,102.3,0.191,0.309,0.530,54.4,62.8,5.9,6.3,0.511,14.3,31.9,0.128,0.489,12.9,20.9,0.140
25,25,2021-12-10,,BOS,W,111,90,,43,96,0.448,14,38,0.368,29,58,0.500,0.521,11,11,1.000,14,39,53,25,4,9,12,21,35,93,0.376,4,26,0.154,31,67,0.463,0.398,16,24,0.667,15,31,46,13,7,6,13,17,115.0,93.2,96.6,0.115,0.396,0.550,53.5,58.1,4.1,13.4,0.521,10.6,31.1,0.115,0.398,11.2,27.8,0.172
26,26,2021-12-13,@,LAC,L,95,111,,36,96,0.375,7,29,0.241,29,67,0.433,0.411,16,19,0.842,13,28,41,22,10,3,11,23,43,78,0.551,9,21,0.429,34,57,0.596,0.609,16,23,0.696,8,37,45,24,5,7,17,20,98.0,114.6,96.9,0.198,0.302,0.455,47.7,61.1,10.3,5.3,0.411,9.5,26.0,0.167,0.609,16.2,22.2,0.205
27,27,2021-12-14,@,POR,W,111,107,OT,44,93,0.473,11,31,0.355,33,62,0.532,0.532,12,15,0.800,8,41,49,30,7,0,14,24,40,96,0.417,13,41,0.317,27,55,0.491,0.484,14,22,0.636,12,36,48,23,7,3,14,18,106.4,102.5,94.5,0.161,0.333,0.557,50.5,68.2,6.7,0.0,0.532,12.3,18.2,0.129,0.484,11.7,22.6,0.146
28,28,2021-12-16,,WAS,W,118,98,,42,79,0.532,9,29,0.310,33,50,0.660,0.589,25,26,0.962,9,38,47,25,9,2,20,23,40,82,0.488,6,21,0.286,34,61,0.557,0.524,12,19,0.632,6,26,32,22,11,3,16,21,118.8,98.6,99.3,0.329,0.367,0.652,59.5,59.5,9.1,3.3,0.589,18.1,25.7,0.316,0.524,15.0,13.6,0.146
29,29,2021-12-19,,CHO,W,137,106,,54,95,0.568,20,41,0.488,34,54,0.630,0.674,9,13,0.692,10,47,57,35,5,8,18,21,36,100,0.360,10,45,0.222,26,55,0.473,0.410,24,28,0.857,13,30,43,26,12,6,9,12,128.9,99.7,106.3,0.137,0.432,0.680,57.0,64.8,4.7,14.5,0.674,15.2,25.0,0.095,0.410,7.4,21.7,0.240
30,30,2021-12-21,@,LAL,W,108,90,,41,93,0.441,12,41,0.293,29,52,0.558,0.505,14,15,0.933,8,45,53,29,11,4,16,18,34,87,0.391,7,35,0.200,27,52,0.519,0.431,15,23,0.652,6,41,47,14,9,3,15,18,102.6,85.5,105.2,0.161,0.441,0.542,53.0,70.7,10.5,7.7,0.505,13.8,16.3,0.151,0.431,13.4,11.8,0.172
31,31,2021-12-23,,OKC,W,113,101,,45,93,0.484,15,39,0.385,30,54,0.556,0.565,8,13,0.615,11,41,52,26,9,8,14,22,37,96,0.385,11,41,0.268,26,55,0.473,0.443,16,21,0.762,11,33,44,17,6,5,13,10,111.1,99.3,101.7,0.140,0.419,0.572,54.2,57.8,8.8,14.5,0.565,12.4,25.0,0.086,0.443,11.0,21.2,0.167
32,32,2021-12-25,,GSW,L,107,116,,40,83,0.482,11,30,0.367,29,53,0.547,0.548,16,16,1.000,9,28,37,20,5,2,13,17,42,85,0.494,14,37,0.378,28,48,0.583,0.576,18,21,0.857,12,30,42,28,11,7,11,22,117.3,127.2,91.2,0.193,0.361,0.594,46.8,50.0,5.5,4.2,0.548,12.6,23.1,0.193,0.576,10.5,30.0,0.212
33,33,2021-12-27,,MEM,L,113,114,,41,90,0.456,11,31,0.355,30,59,0.508,0.517,20,23,0.870,10,25,35,25,11,2,11,16,45,88,0.511,11,29,0.379,34,59,0.576,0.574,13,17,0.765,15,35,50,22,10,6,19,23,115.8,116.9,97.5,0.256,0.344,0.564,41.2,61.0,11.3,3.4,0.517,9.9,22.2,0.222,0.574,16.6,37.5,0.148
34,34,2021-12-29,,OKC,W,115,97,,41,89,0.461,12,34,0.353,29,55,0.527,0.528,21,28,0.750,18,38,56,22,7,7,15,15,38,96,0.396,7,35,0.200,31,61,0.508,0.432,14,16,0.875,14,31,45,19,6,1,12,24,118.5,100.0,97.0,0.315,0.382,0.568,55.4,53.7,7.2,11.5,0.528,12.9,36.7,0.236,0.432,10.4,26.9,0.146
35,35,2021-12-31,@,BOS,L,108,123,,41,100,0.410,11,35,0.314,30,65,0.462,0.465,15,16,0.938,15,22,37,20,10,2,10,21,45,83,0.542,10,27,0.370,35,56,0.625,0.602,23,26,0.885,13,38,51,28,6,7,18,18,110.9,126.3,97.4,0.160,0.350,0.504,42.0,48.8,10.3,3.6,0.465,8.5,28.3,0.150,0.602,16.0,37.1,0.277
36,36,2022-01-02,@,CHO,W,133,99,,52,103,0.505,17,41,0.415,35,62,0.565,0.587,12,12,1.000,14,39,53,36,15,4,17,21,39,85,0.459,9,35,0.257,30,50,0.600,0.512,12,21,0.571,5,29,34,27,10,9,18,15,125.0,93.0,106.4,0.117,0.398,0.614,60.9,69.2,14.1,8.0,0.587,13.6,32.6,0.117,0.512,16.0,11.4,0.141
37,37,2022-01-04,@,NOP,W,123,110,,46,85,0.541,17,31,0.548,29,54,0.537,0.641,14,20,0.700,5,37,42,32,7,5,11,24,36,89,0.404,10,33,0.303,26,56,0.464,0.461,28,32,0.875,15,33,48,28,7,3,12,21,125.5,112.3,98.0,0.235,0.365,0.656,46.7,69.6,7.1,8.9,0.641,10.5,13.2,0.165,0.461,10.4,28.8,0.315
38,38,2022-01-06,,LAC,W,106,89,,44,107,0.411,10,31,0.323,34,76,0.447,0.458,8,10,0.800,21,42,63,22,5,7,8,20,31,86,0.360,6,28,0.214,25,58,0.431,0.395,21,25,0.840,8,41,49,20,5,7,13,16,108.3,90.9,97.9,0.093,0.290,0.476,56.3,50.0,5.1,12.1,0.458,6.7,33.9,0.075,0.395,11.8,16.0,0.244
39,39,2022-01-08,,MIA,L,100,123,,30,79,0.380,14,34,0.412,16,45,0.356,0.468,26,29,0.897,6,29,35,24,10,1,16,14,44,88,0.500,22,44,0.500,22,44,0.500,0.625,13,15,0.867,11,38,49,33,9,1,16,18,101.8,125.2,98.3,0.367,0.430,0.545,41.7,80.0,10.2,2.3,0.468,14.8,13.6,0.329,0.625,14.5,27.5,0.148
40,40,2022-01-11,@,TOR,W,99,95,,35,74,0.473,11,32,0.344,24,42,0.571,0.547,18,22,0.818,10,29,39,25,10,2,20,23,36,89,0.404,8,37,0.216,28,52,0.538,0.449,15,25,0.600,22,25,47,15,11,3,16,20,109.1,104.7,90.7,0.297,0.432,0.592,45.3,71.4,11.0,3.8,0.547,19.3,28.6,0.243,0.449,13.8,43.1,0.169
41,41,2022-01-14,@,IND,W,112,94,,40,88,0.455,11,28,0.393,29,60,0.483,0.517,21,23,0.913,12,39,51,24,8,6,15,18,34,88,0.386,13,43,0.302,21,45,0.467,0.460,13,18,0.722,9,33,42,20,9,7,12,20,114.9,96.5,97.4,0.261,0.318,0.571,54.8,60.0,8.2,13.3,0.517,13.3,26.7,0.239,0.460,11.1,18.8,0.148
42,42,2022-01-16,@,DET,W,135,108,,51,87,0.586,11,27,0.407,40,60,0.667,0.649,22,30,0.733,11,40,51,30,4,7,15,26,38,82,0.463,9,25,0.360,29,57,0.509,0.518,23,34,0.676,5,27,32,25,6,2,11,20,132.2,105.8,102.1,0.345,0.310,0.674,61.4,58.8,3.9,12.3,0.649,13.0,28.9,0.253,0.518,10.2,11.1,0.280
43,43,2022-01-17,@,SAS,W,121,107,,49,95,0.516,9,32,0.281,40,63,0.635,0.563,14,20,0.700,12,33,45,29,9,5,5,18,41,92,0.446,9,30,0.300,32,62,0.516,0.495,16,22,0.727,13,34,47,21,3,2,12,16,125.7,111.1,96.3,0.211,0.337,0.583,48.9,59.2,9.3,8.1,0.563,4.6,26.1,0.147,0.495,10.6,28.3,0.174
44,44,2022-01-20,@,DAL,W,109,101,,39,86,0.453,8,36,0.222,31,50,0.620,0.500,23,25,0.920,5,35,40,25,13,1,7,21,37,85,0.435,11,37,0.297,26,48,0.542,0.500,16,20,0.800,10,40,50,19,1,3,19,22,110.1,102.0,99.0,0.291,0.419,0.562,44.4,64.1,13.1,2.1,0.500,6.7,11.1,0.267,0.500,16.8,22.2,0.188
45,45,2022-01-22,,IND,W,113,103,,47,96,0.490,7,25,0.280,40,71,0.563,0.526,12,14,0.857,14,37,51,34,11,8,11,19,37,84,0.440,10,29,0.345,27,55,0.491,0.500,19,27,0.704,12,32,44,19,5,5,18,18,114.6,104.5,98.6,0.146,0.260,0.553,53.7,72.3,11.2,14.5,0.526,9.7,30.4,0.125,0.500,15.8,24.5,0.226
46,46,2022-01-24,,UTA,W,115,109,,47,99,0.475,13,36,0.361,34,63,0.540,0.540,8,15,0.533,18,33,51,28,10,5,14,17,40,81,0.494,14,31,0.452,26,50,0.520,0.580,15,22,0.682,7,31,38,16,11,3,14,15,118.1,112.0,97.3,0.152,0.364,0.545,57.3,59.6,10.3,10.0,0.540,11.7,36.7,0.081,0.580,13.4,17.5,0.185
47,47,2022-01-26,@,UTA,W,105,97,,40,82,0.488,7,18,0.389,33,64,0.516,0.530,18,27,0.667,9,35,44,14,6,7,9,20,34,79,0.430,12,30,0.400,22,49,0.449,0.506,17,23,0.739,8,31,39,20,6,4,16,28,112.3,103.8,93.5,0.329,0.220,0.559,53.0,35.0,6.4,14.3,0.530,8.7,22.5,0.220,0.506,15.2,18.6,0.215
48,48,2022-01-28,,MIN,W,134,124,,43,84,0.512,20,39,0.513,23,45,0.511,0.631,28,37,0.757,10,39,49,36,4,2,12,22,44,90,0.489,14,39,0.359,30,51,0.588,0.567,22,27,0.815,8,30,38,20,7,6,7,26,134.5,124.5,99.6,0.440,0.464,0.668,56.3,83.7,4.0,3.9,0.631,10.7,25.0,0.333,0.567,6.4,17.0,0.244
49,49,2022-01-30,,SAS,W,115,110,,48,97,0.495,11,32,0.344,37,65,0.569,0.552,8,12,0.667,11,35,46,31,6,5,8,12,45,100,0.450,13,37,0.351,32,63,0.508,0.515,7,8,0.875,11,32,43,27,6,3,11,15,117.0,112.0,98.3,0.124,0.330,0.562,51.7,64.6,6.1,7.9,0.552,7.3,25.6,0.082,0.515,9.6,23.9,0.070
50,50,2022-02-01,,BRK,W,121,111,,42,76,0.553,11,31,0.355,31,45,0.689,0.625,26,31,0.839,7,30,37,26,8,4,16,19,40,81,0.494,16,40,0.400,24,41,0.585,0.593,15,21,0.714,6,27,33,25,7,1,12,27,126.7,116.2,95.5,0.408,0.408,0.675,52.9,61.9,8.4,9.8,0.625,15.1,20.6,0.342,0.593,11.7,16.7,0.185
51,51,2022-02-03,@,ATL,L,115,124,,46,88,0.523,9,32,0.281,37,56,0.661,0.574,14,18,0.778,6,33,39,30,11,2,11,20,44,84,0.524,20,40,0.500,24,44,0.545,0.643,16,22,0.727,6,35,41,25,6,1,15,21,114.5,123.5,100.4,0.205,0.364,0.599,48.8,65.2,11.0,4.5,0.574,10.3,14.6,0.159,0.643,13.8,15.4,0.190
52,52,2022-02-05,@,WAS,W,95,80,,40,99,0.404,8,31,0.258,32,68,0.471,0.444,7,14,0.500,20,44,64,26,6,7,10,16,30,85,0.353,5,24,0.208,25,61,0.410,0.382,15,19,0.789,8,34,42,14,8,4,9,17,103.4,87.1,91.9,0.141,0.313,0.452,60.4,65.0,6.5,11.5,0.444,8.7,37.0,0.071,0.382,8.8,15.4,0.176
53,53,2022-02-07,@,CHI,W,127,124,,49,90,0.544,12,32,0.375,37,58,0.638,0.611,17,19,0.895,10,34,44,31,5,5,11,23,43,90,0.478,10,26,0.385,33,64,0.516,0.533,28,31,0.903,11,29,40,18,7,2,9,18,129.3,126.2,98.2,0.211,0.356,0.646,52.4,63.3,5.1,7.8,0.611,10.1,25.6,0.189,0.533,8.0,24.4,0.311
54,54,2022-02-08,@,PHI,W,114,109,,43,95,0.453,6,26,0.231,37,69,0.536,0.484,22,24,0.917,11,37,48,27,7,5,8,15,41,89,0.461,10,32,0.313,31,57,0.544,0.517,17,18,0.944,6,38,44,24,7,4,15,22,111.7,106.8,102.1,0.253,0.274,0.540,52.2,62.8,6.9,8.8,0.484,7.0,22.4,0.232,0.517,13.4,14.0,0.191
55,55,2022-02-10,,MIL,W,131,107,,51,90,0.567,9,30,0.300,42,60,0.700,0.617,20,29,0.690,9,34,43,35,10,2,8,22,40,88,0.455,10,38,0.263,30,50,0.600,0.511,17,25,0.680,11,28,39,18,6,4,14,22,131.7,107.6,99.4,0.322,0.333,0.637,52.4,68.6,10.1,4.0,0.617,7.2,24.3,0.222,0.511,12.4,24.4,0.193
56,56,2022-02-12,,ORL,W,132,105,,55,105,0.524,15,34,0.441,40,71,0.563,0.595,7,10,0.700,7,45,52,40,8,2,7,19,37,87,0.425,15,41,0.366,22,46,0.478,0.511,16,24,0.667,4,40,44,25,2,2,15,9,122.6,97.6,107.6,0.095,0.324,0.603,54.2,72.7,7.4,4.3,0.595,6.0,14.9,0.067,0.511,13.3,8.2,0.184
57,57,2022-02-15,,LAC,W,103,96,,44,90,0.489,8,25,0.320,36,65,0.554,0.533,7,10,0.700,12,40,52,30,9,4,17,12,40,97,0.412,10,35,0.286,30,62,0.484,0.464,6,9,0.667,13,33,46,26,11,9,14,12,104.3,97.2,98.8,0.111,0.278,0.546,53.1,68.2,9.1,6.5,0.533,15.3,26.7,0.078,0.464,12.2,24.5,0.062
58,58,2022-02-16,,HOU,W,124,121,,44,86,0.512,7,24,0.292,37,62,0.597,0.552,29,36,0.806,7,35,42,27,10,7,11,20,42,97,0.433,13,44,0.295,29,53,0.547,0.500,24,28,0.857,13,36,49,23,5,5,16,27,116.8,114.0,106.2,0.419,0.279,0.609,46.2,61.4,9.4,13.2,0.552,9.7,16.3,0.337,0.500,12.8,27.1,0.247
59,59,2022-02-24,@,OKC,W,124,104,,46,86,0.535,13,34,0.382,33,52,0.635,0.610,19,21,0.905,3,40,43,32,14,6,16,12,44,93,0.473,6,31,0.194,38,62,0.613,0.505,10,11,0.909,7,35,42,22,10,4,16,19,116.6,97.8,106.3,0.244,0.395,0.651,50.6,69.6,13.2,9.7,0.610,14.4,7.9,0.221,0.505,14.1,14.9,0.108
60,60,2022-02-25,,NOP,L,102,117,,36,82,0.439,12,40,0.300,24,42,0.571,0.512,18,24,0.750,7,30,37,23,6,8,14,27,38,87,0.437,8,29,0.276,30,58,0.517,0.483,33,41,0.805,16,37,53,21,10,4,11,18,105.2,120.7,97.0,0.293,0.488,0.551,41.1,63.9,6.2,13.8,0.512,13.1,15.9,0.220,0.483,9.5,34.8,0.379
61,61,2022-02-27,,UTA,L,114,118,,44,86,0.512,13,28,0.464,31,58,0.534,0.587,13,16,0.813,10,26,36,24,7,5,9,19,44,94,0.468,17,40,0.425,27,54,0.500,0.559,13,20,0.650,14,27,41,23,7,6,10,16,124.9,129.3,91.3,0.186,0.326,0.613,46.8,54.5,7.7,9.3,0.587,8.8,27.0,0.151,0.559,8.9,35.0,0.138
62,62,2022-03-02,,POR,W,120,90,,40,80,0.500,14,36,0.389,26,44,0.591,0.588,26,31,0.839,7,39,46,32,14,6,16,21,30,78,0.385,11,31,0.355,19,47,0.404,0.455,19,25,0.760,5,30,35,22,10,2,19,23,119.1,89.3,100.7,0.388,0.450,0.641,56.8,80.0,13.9,12.8,0.588,14.6,18.9,0.325,0.455,17.6,11.4,0.244
63,63,2022-03-04,,NYK,W,115,114,,38,85,0.447,17,34,0.500,21,51,0.412,0.547,22,27,0.815,3,30,33,28,7,3,10,22,40,86,0.465,13,29,0.448,27,57,0.474,0.541,21,30,0.700,12,37,49,23,7,5,14,22,115.0,114.0,100.0,0.318,0.400,0.594,40.2,73.7,7.0,5.3,0.547,9.4,7.5,0.259,0.541,12.4,28.6,0.244
64,64,2022-03-06,@,MIL,L,122,132,,50,93,0.538,14,31,0.452,36,62,0.581,0.613,8,11,0.727,6,21,27,33,8,4,11,20,47,87,0.540,15,32,0.469,32,55,0.582,0.626,23,29,0.793,14,34,48,31,9,6,15,19,123.2,133.3,99.0,0.118,0.333,0.623,36.0,66.0,8.1,7.3,0.613,10.1,15.0,0.086,0.626,13.1,40.0,0.264
65,65,2022-03-08,@,ORL,W,102,99,,35,92,0.380,13,37,0.351,22,55,0.400,0.451,19,23,0.826,7,45,52,24,7,6,10,20,35,92,0.380,7,39,0.179,28,53,0.528,0.418,22,25,0.880,8,45,53,17,6,2,12,20,98.2,95.3,103.9,0.250,0.402,0.499,49.5,68.6,6.7,11.3,0.451,8.9,13.5,0.207,0.418,10.4,15.1,0.239
66,66,2022-03-09,@,MIA,W,111,90,,45,99,0.455,11,37,0.297,34,62,0.548,0.510,10,10,1.000,14,41,55,26,8,5,15,18,35,88,0.398,10,33,0.303,25,55,0.455,0.455,10,13,0.769,6,32,38,27,8,5,15,9,110.2,89.4,100.7,0.101,0.374,0.537,59.1,57.8,7.9,9.1,0.510,12.7,30.4,0.101,0.455,13.8,12.8,0.114
67,67,2022-03-11,,TOR,L,112,117,,44,88,0.500,11,36,0.306,33,52,0.635,0.563,13,17,0.765,5,35,40,27,7,8,16,23,42,94,0.447,14,32,0.438,28,62,0.452,0.521,19,21,0.905,12,36,48,19,11,4,17,19,106.5,111.3,105.1,0.193,0.409,0.587,45.5,61.4,6.7,12.9,0.563,14.4,12.2,0.148,0.521,14.1,25.5,0.202
68,68,2022-03-13,,LAL,W,140,111,,58,102,0.569,12,33,0.364,46,69,0.667,0.627,12,14,0.857,14,37,51,36,12,5,11,24,36,81,0.444,16,40,0.400,20,41,0.488,0.543,23,31,0.742,7,30,37,24,4,2,19,14,134.4,106.5,104.2,0.137,0.324,0.647,58.0,62.1,11.5,12.2,0.627,9.2,31.8,0.118,0.543,16.7,15.9,0.284
69,69,2022-03-15,@,NOP,W,131,115,,49,90,0.544,18,34,0.529,31,56,0.554,0.644,15,15,1.000,6,28,34,35,9,2,9,22,43,86,0.500,12,34,0.353,31,52,0.596,0.570,17,24,0.708,13,32,45,29,7,4,17,19,133.6,117.3,98.0,0.167,0.378,0.678,43.0,71.4,9.2,3.8,0.644,8.5,15.8,0.167,0.570,15.0,31.7,0.198
70,70,2022-03-16,@,HOU,W,129,112,,53,95,0.558,13,33,0.394,40,62,0.645,0.626,10,13,0.769,13,36,49,32,5,4,11,18,42,85,0.494,16,39,0.410,26,46,0.565,0.588,12,19,0.632,9,24,33,26,9,3,12,13,135.2,117.4,95.4,0.137,0.347,0.640,59.8,60.4,5.2,8.7,0.626,9.8,35.1,0.105,0.588,11.4,20.0,0.141
71,71,2022-03-18,,CHI,W,129,102,,47,84,0.560,11,25,0.440,36,59,0.610,0.625,24,26,0.923,10,39,49,23,5,4,13,20,35,85,0.412,7,27,0.259,28,58,0.483,0.453,25,31,0.806,13,24,37,20,6,0,11,18,135.2,106.9,95.4,0.310,0.298,0.676,57.0,48.9,5.2,6.9,0.625,12.0,29.4,0.286,0.453,10.0,25.0,0.294
72,72,2022-03-20,@,SAC,W,127,124,OT,46,92,0.500,12,28,0.429,34,64,0.531,0.565,23,27,0.852,10,40,50,25,12,5,18,30,39,91,0.429,16,34,0.471,23,57,0.404,0.516,30,36,0.833,9,33,42,27,12,2,15,21,115.7,113.0,99.4,0.293,0.304,0.611,54.3,54.3,10.9,8.8,0.565,14.8,23.3,0.250,0.516,12.3,18.4,0.330
73,73,2022-03-23,@,MIN,W,125,116,,45,86,0.523,12,33,0.364,33,53,0.623,0.593,23,29,0.793,11,32,43,30,6,9,13,20,42,95,0.442,13,43,0.302,29,52,0.558,0.511,19,22,0.864,15,30,45,27,5,5,12,21,127.2,118.0,98.3,0.337,0.384,0.633,48.9,66.7,6.1,17.3,0.593,11.6,26.8,0.267,0.511,10.3,31.9,0.200
74,74,2022-03-24,@,DEN,W,140,130,,52,86,0.605,13,27,0.481,39,59,0.661,0.680,23,29,0.793,5,24,29,32,7,3,9,23,48,81,0.593,15,32,0.469,33,49,0.673,0.685,19,27,0.704,10,27,37,27,5,2,17,22,140.5,130.4,99.7,0.337,0.314,0.709,43.9,61.5,7.0,6.1,0.680,8.4,15.6,0.267,0.685,15.5,29.4,0.235
75,75,2022-03-27,,PHI,W,114,104,,45,87,0.517,13,27,0.481,32,60,0.533,0.592,11,17,0.647,5,35,40,24,5,5,13,21,37,89,0.416,10,36,0.278,27,53,0.509,0.472,20,26,0.769,12,33,45,22,6,4,12,19,115.1,105.0,99.0,0.195,0.310,0.603,47.1,53.3,5.0,9.4,0.592,12.1,13.2,0.126,0.472,10.7,25.5,0.225
76,76,2022-03-30,@,GSW,W,107,103,,38,92,0.413,7,28,0.250,31,64,0.484,0.451,24,30,0.800,12,34,46,20,9,1,14,19,35,83,0.422,13,38,0.342,22,45,0.489,0.500,20,25,0.800,10,38,48,26,7,4,21,24,103.7,99.8,103.2,0.326,0.304,0.509,48.9,52.6,8.7,2.2,0.451,11.7,24.0,0.261,0.500,18.3,22.7,0.241
77,77,2022-04-01,@,MEM,L,114,122,,47,86,0.547,10,27,0.370,37,59,0.627,0.605,10,17,0.588,2,37,39,27,8,4,20,25,46,102,0.451,7,24,0.292,39,78,0.500,0.485,23,28,0.821,16,32,48,30,7,2,11,18,105.3,112.7,108.2,0.198,0.314,0.610,44.8,57.4,7.4,5.1,0.605,17.6,5.9,0.116,0.485,8.8,30.2,0.225
78,78,2022-04-03,@,OKC,L,96,117,,37,89,0.416,7,38,0.184,30,51,0.588,0.455,15,17,0.882,6,27,33,22,14,4,11,17,43,87,0.494,17,41,0.415,26,46,0.565,0.592,14,18,0.778,12,42,54,33,7,4,18,18,97.2,118.4,98.8,0.191,0.427,0.498,37.9,59.5,14.2,8.7,0.455,10.2,12.5,0.169,0.592,15.9,30.8,0.161
79,79,2022-04-05,,LAL,W,121,110,,50,102,0.490,14,39,0.359,36,63,0.571,0.559,7,9,0.778,11,42,53,38,10,4,14,22,39,86,0.453,9,29,0.310,30,57,0.526,0.506,23,30,0.767,7,39,46,22,7,3,16,14,113.0,102.7,107.1,0.088,0.382,0.571,53.5,76.0,9.3,7.0,0.559,11.7,22.0,0.069,0.506,13.9,14.3,0.267
80,80,2022-04-06,@,LAC,L,109,113,,42,108,0.389,17,48,0.354,25,60,0.417,0.468,8,12,0.667,18,36,54,29,11,2,12,26,33,75,0.440,12,34,0.353,21,41,0.512,0.520,35,44,0.795,9,46,55,20,7,9,17,17,106.1,109.9,102.8,0.111,0.444,0.481,49.5,69.0,10.7,4.9,0.468,9.6,28.1,0.074,0.520,15.3,20.0,0.467
81,81,2022-04-08,@,UTA,W,111,105,,46,92,0.500,6,19,0.316,40,73,0.548,0.533,13,15,0.867,11,35,46,27,7,3,13,25,35,88,0.398,11,38,0.289,24,50,0.480,0.460,24,33,0.727,15,29,44,20,8,4,11,18,115.2,109.0,96.3,0.163,0.207,0.563,51.1,58.7,7.3,6.0,0.533,11.6,27.5,0.141,0.460,9.7,30.0,0.273
82,82,2022-04-10,,SAC,L,109,116,,42,103,0.408,14,47,0.298,28,56,0.500,0.476,11,15,0.733,18,32,50,27,9,7,11,25,40,76,0.526,14,26,0.538,26,50,0.520,0.618,22,30,0.733,2,38,40,26,9,7,15,18,109.1,116.1,99.9,0.146,0.456,0.497,55.6,64.3,9.0,14.0,0.476,9.1,32.1,0.107,0.618,14.4,5.9,0.289
1,1,2022-10-19,,DAL,W,107,105,,40,85,0.471,8,22,0.364,32,63,0.508,0.518,19,22,0.864,8,32,40,25,4,5,12,29,35,75,0.467,14,35,0.400,21,40,0.525,0.560,21,34,0.618,5,35,40,17,6,4,12,22,ORtg,DRtg,Pace,FTr,3PAr,TS%,TRB%,AST%,STL%,BLK%,eFG%,TOV%,ORB%,FT/FGA,eFG%,TOV%,ORB%,FT/FGA
2,2,2022-10-21,@,POR,L,111,113,OT,43,94,0.457,10,27,0.370,33,67,0.493,0.511,15,21,0.714,9,32,41,31,14,1,17,29,36,82,0.439,10,29,0.345,26,53,0.491,0.500,31,36,0.861,13,35,48,14,8,5,21,19,111.7,109.6,95.8,0.259,0.259,0.565,50.0,62.5,4.2,12.5,0.518,11.2,18.6,0.224,0.560,11.8,13.5,0.280
3,3,2022-10-23,@,LAC,W,112,95,,43,93,0.462,15,42,0.357,28,51,0.549,0.543,11,12,0.917,13,36,49,29,5,3,13,18,36,82,0.439,9,32,0.281,27,50,0.540,0.494,14,20,0.700,9,34,43,16,10,0,15,18,105.0,106.9,95.7,0.223,0.287,0.538,46.1,72.1,13.2,1.9,0.511,14.1,20.5,0.160,0.500,17.7,28.9,0.378
4,4,2022-10-25,,GSW,W,134,105,,47,92,0.511,12,29,0.414,35,63,0.556,0.576,28,34,0.824,14,34,48,31,8,4,14,19,41,91,0.451,10,35,0.286,31,56,0.554,0.505,13,17,0.765,10,30,40,28,7,7,16,28,117.2,99.4,95.6,0.129,0.452,0.570,53.3,67.4,5.2,6.0,0.543,11.7,27.7,0.118,0.494,14.2,20.0,0.171
5,5,2022-10-28,,NOP,W,124,111,,48,92,0.522,10,33,0.303,38,59,0.644,0.576,18,20,0.900,14,33,47,33,7,7,12,18,38,86,0.442,15,37,0.405,23,49,0.469,0.529,20,22,0.909,9,24,33,25,10,1,14,21,130.1,102.0,103.0,0.370,0.315,0.626,54.5,66.0,7.8,7.1,0.576,11.6,31.8,0.304,0.505,14.0,22.7,0.143
6,6,2022-10-30,,HOU,W,124,109,,45,84,0.536,12,40,0.300,33,44,0.750,0.607,22,30,0.733,10,26,36,29,9,8,12,22,38,87,0.437,11,34,0.324,27,53,0.509,0.500,22,26,0.846,17,32,49,18,7,1,15,25,128.9,115.4,96.2,0.217,0.359,0.615,58.8,68.8,7.3,14.3,0.576,10.6,36.8,0.196,0.529,12.8,21.4,0.233
7,7,2022-11-01,,MIN,W,116,107,,41,89,0.461,17,43,0.395,24,46,0.522,0.556,17,22,0.773,7,27,34,31,9,8,11,20,37,87,0.425,13,34,0.382,24,53,0.453,0.500,20,24,0.833,10,32,42,24,5,4,18,24,130.7,114.9,94.9,0.357,0.476,0.638,42.4,64.4,9.5,15.1,0.607,11.0,23.8,0.262,0.500,13.2,39.5,0.253
8,8,2022-11-04,,POR,L,106,108,,36,83,0.434,14,34,0.412,22,49,0.449,0.518,20,21,0.952,13,26,39,26,8,4,17,22,43,85,0.506,10,23,0.435,33,62,0.532,0.565,12,15,0.800,11,31,42,30,6,3,18,24,116.2,107.1,99.9,0.247,0.483,0.588,44.7,75.6,9.0,15.1,0.556,10.0,17.9,0.191,0.500,15.6,27.0,0.230
9,9,2022-11-05,,POR,W,102,82,,35,82,0.427,11,30,0.367,24,52,0.462,0.494,21,28,0.750,11,33,44,22,7,14,14,22,30,79,0.380,7,15,0.467,23,64,0.359,0.424,15,24,0.625,8,32,40,22,5,7,18,26,112.1,114.2,94.6,0.253,0.410,0.575,48.1,72.2,8.5,6.5,0.518,15.6,29.5,0.241,0.565,16.4,29.7,0.141
10,10,2022-11-07,@,PHI,L,88,100,,32,73,0.438,6,19,0.316,26,54,0.481,0.479,18,22,0.818,6,31,37,19,8,5,15,24,31,80,0.388,12,32,0.375,19,48,0.396,0.463,26,31,0.839,15,33,48,22,5,6,16,17,107.0,86.0,95.4,0.341,0.366,0.541,52.4,62.9,7.3,21.9,0.494,12.9,25.6,0.256,0.424,16.7,19.5,0.190
11,11,2022-11-09,@,MIN,W,129,117,,47,97,0.485,16,35,0.457,31,62,0.500,0.567,19,20,0.950,10,26,36,31,10,3,11,21,41,78,0.526,9,27,0.333,32,51,0.627,0.583,26,32,0.813,8,30,38,26,4,6,19,22,97.0,110.3,90.7,0.301,0.260,0.532,43.5,59.4,8.8,10.4,0.479,15.4,15.4,0.247,0.463,14.6,32.6,0.325
12,12,2022-11-11,@,ORL,L,97,114,,38,95,0.400,13,42,0.310,25,53,0.472,0.468,8,9,0.889,11,27,38,22,7,4,11,14,43,82,0.524,15,33,0.455,28,49,0.571,0.616,13,15,0.867,9,41,50,23,2,4,15,11,127.0,115.2,101.6,0.206,0.361,0.610,48.6,66.0,9.8,5.9,0.567,9.4,25.0,0.196,0.583,17.1,23.5,0.333
13,13,2022-11-14,@,MIA,L,112,113,,48,99,0.485,14,36,0.389,34,63,0.540,0.556,2,4,0.500,20,25,45,22,9,4,14,22,38,83,0.458,15,33,0.455,23,50,0.460,0.548,22,25,0.880,17,25,42,23,6,4,15,10,102.5,120.5,94.6,0.095,0.442,0.490,43.2,57.9,7.4,8.2,0.468,10.0,21.2,0.084,0.616,14.5,25.0,0.159
14,14,2022-11-16,,GSW,W,130,119,,44,86,0.512,21,40,0.525,23,46,0.500,0.634,21,25,0.840,8,39,47,33,5,8,16,22,42,92,0.457,18,42,0.429,24,50,0.480,0.554,17,17,1.000,6,34,40,30,5,3,17,23,125.2,126.4,89.4,0.040,0.364,0.556,51.7,45.8,10.1,8.0,0.556,12.2,44.4,0.020,0.548,13.8,40.5,0.265
15,15,2022-11-18,@,UTA,L,133,134,,49,94,0.521,9,30,0.300,40,64,0.625,0.569,26,28,0.929,12,30,42,29,7,6,14,25,51,91,0.560,16,31,0.516,35,60,0.583,0.648,16,24,0.667,11,25,36,32,6,3,17,28,122.6,112.2,106.1,0.291,0.465,0.670,54.0,75.0,4.7,16.0,0.634,14.2,19.0,0.244,0.554,14.6,13.3,0.185
16,16,2022-11-20,,NYK,W,116,95,,43,101,0.426,17,39,0.436,26,62,0.419,0.510,13,18,0.722,22,38,60,35,3,8,13,22,34,85,0.400,7,25,0.280,27,60,0.450,0.441,20,25,0.800,10,29,39,20,4,7,11,15,126.8,127.8,104.9,0.298,0.319,0.625,53.8,59.2,6.7,10.0,0.569,11.6,32.4,0.277,0.648,14.3,26.8,0.176
17,17,2022-11-22,,LAL,W,115,105,,48,102,0.471,16,34,0.471,32,68,0.471,0.549,3,5,0.600,8,41,49,23,8,7,15,22,36,85,0.424,4,22,0.182,32,63,0.508,0.447,29,35,0.829,7,38,45,19,8,7,17,12,122.7,100.5,94.5,0.178,0.386,0.533,60.6,81.4,3.2,13.3,0.510,10.7,43.1,0.129,0.441,10.3,20.8,0.235
18,18,2022-11-25,,DET,W,108,102,,42,87,0.483,7,29,0.241,35,58,0.603,0.523,17,26,0.654,11,32,43,25,7,7,13,18,39,92,0.424,9,26,0.346,30,66,0.455,0.473,15,16,0.938,19,30,49,21,6,3,19,22,105.8,96.6,108.7,0.049,0.333,0.552,52.1,47.9,7.4,11.1,0.549,12.6,17.4,0.029,0.447,14.5,14.6,0.341
19,19,2022-11-26,,UTA,W,113,112,,42,92,0.457,6,22,0.273,36,70,0.514,0.489,23,30,0.767,18,30,48,23,8,6,6,20,40,79,0.506,13,32,0.406,27,47,0.574,0.589,19,25,0.760,8,32,40,20,5,2,12,19,111.5,105.3,96.9,0.299,0.333,0.549,46.7,59.5,7.2,10.6,0.523,11.7,26.8,0.195,0.473,16.1,37.3,0.163
20,20,2022-11-28,@,SAC,W,122,117,,50,94,0.532,10,32,0.313,40,62,0.645,0.585,12,14,0.857,11,34,45,26,9,7,17,20,46,88,0.523,9,25,0.360,37,63,0.587,0.574,16,18,0.889,8,29,37,32,9,7,16,15,123.5,122.4,91.5,0.326,0.239,0.537,54.5,54.8,8.7,12.8,0.489,5.4,36.0,0.250,0.589,11.8,21.1,0.241
21,21,2022-11-30,,CHI,W,132,113,,49,93,0.527,15,33,0.455,34,60,0.567,0.608,19,21,0.905,10,36,46,22,3,5,14,28,41,82,0.500,4,25,0.160,37,57,0.649,0.524,27,33,0.818,5,30,35,21,5,6,12,19,118.3,113.4,103.1,0.149,0.340,0.609,54.9,52.0,8.7,11.1,0.585,14.5,27.5,0.128,0.574,14.3,19.0,0.182
22,22,2022-12-02,,HOU,L,121,122,,45,85,0.529,17,37,0.459,28,48,0.583,0.629,14,19,0.737,9,28,37,30,9,5,18,28,40,81,0.494,8,24,0.333,32,57,0.561,0.543,34,43,0.791,13,28,41,19,12,2,17,22,128.5,110.0,102.7,0.226,0.355,0.646,56.8,44.9,2.9,8.8,0.608,12.0,25.0,0.204,0.524,11.1,12.2,0.329
23,23,2022-12-04,@,SAS,W,133,95,,49,94,0.521,19,37,0.514,30,57,0.526,0.622,16,20,0.800,14,31,45,38,5,0,11,18,38,87,0.437,6,31,0.194,32,56,0.571,0.471,13,18,0.722,12,28,40,19,5,3,19,24,120.1,121.1,100.7,0.224,0.435,0.648,47.4,66.7,8.9,8.8,0.629,16.2,24.3,0.165,0.543,14.5,31.7,0.420
24,24,2022-12-05,@,DAL,L,111,130,,40,91,0.440,13,37,0.351,27,54,0.500,0.511,18,26,0.692,13,28,41,28,5,5,13,16,44,84,0.524,20,41,0.488,24,43,0.558,0.643,22,26,0.846,10,31,41,23,7,6,13,23,136.0,97.2,97.8,0.213,0.394,0.647,52.9,77.6,5.1,0.0,0.622,9.7,33.3,0.170,0.471,16.7,27.9,0.149
25,25,2022-12-07,,BOS,L,98,125,,37,93,0.398,8,32,0.250,29,61,0.475,0.441,16,19,0.842,13,36,49,19,5,4,18,17,49,101,0.485,16,45,0.356,33,56,0.589,0.564,11,13,0.846,11,42,53,29,14,3,13,20,114.2,133.7,97.2,0.286,0.407,0.542,50.0,70.0,5.1,11.6,0.511,11.3,29.5,0.198,0.643,12.0,26.3,0.262
26,26,2022-12-09,@,NOP,L,117,128,,43,86,0.500,22,44,0.500,21,42,0.500,0.628,9,13,0.692,8,29,37,30,6,3,17,25,46,90,0.511,8,27,0.296,38,63,0.603,0.556,28,35,0.800,13,31,44,27,10,1,11,15,93.1,118.7,105.3,0.204,0.344,0.483,48.0,51.4,4.7,7.1,0.441,15.1,23.6,0.172,0.564,10.9,23.4,0.109
27,27,2022-12-11,@,NOP,L,124,129,OT,49,105,0.467,13,38,0.342,36,67,0.537,0.529,13,17,0.765,19,23,42,34,7,5,15,24,50,86,0.581,8,25,0.320,42,61,0.689,0.628,21,28,0.750,7,36,43,31,10,3,17,26,117.5,128.5,99.6,0.151,0.512,0.638,45.7,69.8,6.0,4.8,0.628,15.6,20.5,0.105,0.556,9.5,31.0,0.311
28,28,2022-12-13,@,HOU,L,97,111,,33,103,0.320,13,51,0.255,20,52,0.385,0.383,18,19,0.947,18,26,44,22,13,7,10,24,34,81,0.420,12,35,0.343,22,46,0.478,0.494,31,34,0.912,17,50,67,16,6,9,23,21,117.4,122.1,95.7,0.162,0.362,0.551,49.4,69.4,6.6,8.2,0.529,11.8,34.5,0.124,0.628,14.7,23.3,0.244
29,29,2022-12-15,@,LAC,W,111,95,,44,95,0.463,9,32,0.281,35,63,0.556,0.511,14,18,0.778,15,38,53,27,8,8,9,18,34,90,0.378,12,33,0.364,22,57,0.386,0.444,15,21,0.714,21,31,52,21,4,3,18,18,97.7,111.8,99.2,0.184,0.495,0.436,39.6,66.7,13.1,15.2,0.383,8.2,26.5,0.175,0.494,19.3,39.5,0.383
30,30,2022-12-17,,NOP,W,118,114,,39,83,0.470,15,41,0.366,24,42,0.571,0.560,25,35,0.714,10,25,35,23,6,3,8,13,45,77,0.584,14,30,0.467,31,47,0.660,0.675,10,13,0.769,4,32,36,27,2,5,17,27,117.8,100.8,94.2,0.189,0.337,0.539,50.5,61.4,8.5,14.0,0.511,8.0,32.6,0.147,0.444,15.4,35.6,0.167
31,31,2022-12-19,,LAL,W,130,104,,46,93,0.495,20,39,0.513,26,54,0.481,0.602,18,24,0.750,15,36,51,21,10,5,9,16,39,87,0.448,12,28,0.429,27,59,0.458,0.517,14,17,0.824,10,28,38,13,5,5,15,16,125.4,121.1,94.1,0.422,0.494,0.600,49.3,59.0,6.4,6.4,0.560,7.5,23.8,0.301,0.675,17.0,13.8,0.130
32,32,2022-12-20,,WAS,L,110,113,,41,89,0.461,13,32,0.406,28,57,0.491,0.534,15,19,0.789,15,29,44,26,2,1,14,23,38,80,0.475,11,27,0.407,27,53,0.509,0.544,26,37,0.703,9,32,41,22,9,4,10,14,135.6,108.5,95.8,0.258,0.419,0.628,57.3,45.7,10.4,8.5,0.602,8.0,34.9,0.194,0.517,13.7,21.7,0.161
33,33,2022-12-23,,MEM,L,100,125,,38,87,0.437,9,35,0.257,29,52,0.558,0.489,15,26,0.577,11,24,35,23,6,5,15,26,45,91,0.495,7,23,0.304,38,68,0.559,0.533,28,38,0.737,19,34,53,30,11,5,12,22,116.8,120.0,94.2,0.213,0.360,0.565,51.8,63.4,2.1,1.9,0.534,12.6,31.9,0.169,0.544,9.4,23.7,0.325
34,34,2022-12-25,@,DEN,L,125,128,OT,45,94,0.479,17,35,0.486,28,59,0.475,0.569,18,26,0.692,12,34,46,32,7,9,14,30,45,94,0.479,13,36,0.361,32,58,0.552,0.548,25,34,0.735,12,36,48,29,8,4,13,23,102.0,127.5,98.0,0.299,0.402,0.508,39.8,60.5,6.1,7.4,0.489,13.2,24.4,0.172,0.533,10.0,44.2,0.308
35,35,2022-12-27,@,MEM,W,125,108,,43,87,0.494,17,31,0.548,26,56,0.464,0.592,22,25,0.880,15,32,47,26,7,9,22,23,36,91,0.396,8,30,0.267,28,61,0.459,0.440,28,34,0.824,15,25,40,18,9,6,15,23,117.8,120.6,96.1,0.277,0.372,0.593,48.9,71.1,6.6,15.5,0.569,11.7,25.0,0.191,0.548,10.7,26.1,0.266
36,36,2022-12-28,@,WAS,L,102,127,,39,87,0.448,13,31,0.419,26,56,0.464,0.523,11,16,0.688,11,19,30,25,7,4,11,21,47,82,0.573,8,26,0.308,39,56,0.696,0.622,25,28,0.893,12,34,46,27,7,6,13,15,123.7,106.8,101.1,0.287,0.356,0.638,54.0,60.5,6.9,14.8,0.592,18.3,37.5,0.253,0.440,12.4,31.9,0.308
37,37,2022-12-30,@,TOR,L,104,113,,35,71,0.493,14,30,0.467,21,41,0.512,0.592,20,23,0.870,9,33,42,26,7,1,27,17,40,81,0.494,11,33,0.333,29,48,0.604,0.562,22,26,0.846,8,23,31,20,15,3,12,22,111.1,138.4,91.8,0.184,0.356,0.542,39.5,64.1,7.6,7.1,0.523,10.5,24.4,0.126,0.622,12.1,38.7,0.305
38,38,2023-01-02,@,NYK,L,83,102,,34,87,0.391,10,37,0.270,24,50,0.480,0.448,5,7,0.714,5,31,36,22,4,0,8,17,36,74,0.486,13,33,0.394,23,41,0.561,0.574,17,25,0.680,5,40,45,26,1,2,8,13,108.8,118.2,95.6,0.324,0.423,0.641,57.5,74.3,7.3,2.1,0.592,25.0,28.1,0.282,0.562,11.5,19.5,0.272
39,39,2023-01-04,@,CLE,L,88,90,,32,81,0.395,10,28,0.357,22,53,0.415,0.457,14,18,0.778,8,41,49,24,8,3,15,19,30,77,0.390,11,36,0.306,19,41,0.463,0.461,19,23,0.826,7,39,46,15,9,4,15,17,93.3,114.7,88.9,0.080,0.425,0.461,44.4,64.7,4.5,0.0,0.448,8.2,11.1,0.057,0.574,8.6,13.9,0.230
40,40,2023-01-06,,MIA,L,96,104,,34,82,0.415,6,23,0.261,28,59,0.475,0.451,22,25,0.880,8,36,44,22,5,2,14,20,33,78,0.423,12,38,0.316,21,40,0.525,0.500,26,31,0.839,5,32,37,19,10,3,13,14,93.5,95.7,94.1,0.222,0.346,0.495,51.6,75.0,8.5,7.3,0.457,14.4,17.0,0.173,0.461,14.7,14.6,0.247
41,41,2023-01-08,,CLE,L,98,112,,37,84,0.440,14,26,0.538,23,58,0.397,0.524,10,11,0.909,6,30,36,22,7,2,16,14,45,78,0.577,11,29,0.379,34,49,0.694,0.647,11,17,0.647,3,36,39,29,8,5,14,12,99.4,107.6,96.6,0.305,0.280,0.516,54.3,64.7,5.2,5.0,0.451,13.1,20.0,0.268,0.500,12.4,12.2,0.333
42,42,2023-01-10,@,GSW,W,125,113,,41,90,0.456,14,31,0.452,27,59,0.458,0.533,29,31,0.935,19,38,57,26,5,7,22,22,37,96,0.385,18,48,0.375,19,48,0.396,0.479,21,27,0.778,16,29,45,24,13,2,17,26,101.7,116.2,96.4,0.131,0.310,0.552,48.0,59.5,7.3,4.1,0.524,15.3,14.3,0.119,0.647,14.1,9.1,0.141
43,43,2023-01-11,@,DEN,L,97,126,,39,90,0.433,9,32,0.281,30,58,0.517,0.483,10,14,0.714,15,29,44,28,4,2,20,17,48,85,0.565,15,34,0.441,33,51,0.647,0.653,15,21,0.714,7,31,38,30,9,4,11,20,119.8,108.3,104.4,0.344,0.344,0.603,55.9,63.4,4.8,14.6,0.533,17.5,39.6,0.322,0.479,13.6,29.6,0.219
44,44,2023-01-13,@,MIN,L,116,121,,41,86,0.477,14,23,0.609,27,63,0.429,0.558,20,24,0.833,9,34,43,28,10,3,19,20,47,90,0.522,10,28,0.357,37,62,0.597,0.578,17,20,0.850,4,33,37,24,13,3,15,22,99.7,129.6,97.3,0.156,0.356,0.504,53.7,71.8,4.1,3.9,0.483,17.2,32.6,0.111,0.653,10.5,19.4,0.176
45,45,2023-01-16,@,MEM,L,106,136,,39,89,0.438,10,33,0.303,29,56,0.518,0.494,18,19,0.947,9,28,37,33,4,4,15,22,52,98,0.531,16,37,0.432,36,61,0.590,0.612,16,20,0.800,13,38,51,29,8,6,11,19,109.2,113.9,106.2,0.279,0.267,0.601,53.8,68.3,9.4,4.8,0.558,16.4,21.4,0.233,0.578,13.2,10.5,0.189
46,46,2023-01-19,,BRK,W,117,112,,39,85,0.459,11,28,0.393,28,57,0.491,0.524,28,41,0.683,12,37,49,30,4,3,16,23,43,82,0.524,11,26,0.423,32,56,0.571,0.591,15,25,0.600,2,32,34,27,10,6,13,34,104.6,134.2,101.4,0.213,0.371,0.544,42.0,84.6,3.9,6.6,0.494,13.3,19.1,0.202,0.612,9.3,31.7,0.163
47,47,2023-01-21,,IND,W,112,107,,38,91,0.418,12,31,0.387,26,60,0.433,0.484,24,35,0.686,14,41,55,27,9,8,15,20,36,96,0.375,13,37,0.351,23,59,0.390,0.443,22,26,0.846,11,37,48,22,10,4,15,29,113.1,108.3,103.4,0.482,0.329,0.568,59.0,76.9,3.9,5.4,0.524,13.4,27.3,0.329,0.591,12.3,5.1,0.183
48,48,2023-01-22,,MEM,W,112,110,,39,88,0.443,13,35,0.371,26,53,0.491,0.517,21,25,0.840,6,34,40,25,10,5,17,26,40,92,0.435,11,32,0.344,29,60,0.483,0.495,19,27,0.704,15,37,52,28,8,4,20,22,105.5,100.8,106.1,0.385,0.341,0.526,53.4,71.1,8.5,13.6,0.484,12.4,27.5,0.264,0.443,12.3,21.2,0.229
49,49,2023-01-24,,CHO,W,128,97,,47,94,0.500,22,39,0.564,25,55,0.455,0.617,12,13,0.923,15,40,55,38,3,10,18,21,39,96,0.406,6,25,0.240,33,71,0.465,0.438,13,18,0.722,10,30,40,19,10,5,14,21,104.9,103.1,106.7,0.284,0.398,0.566,43.5,64.1,9.4,8.3,0.517,14.7,14.0,0.239,0.495,16.1,30.6,0.207
50,50,2023-01-26,,DAL,L,95,99,,35,86,0.407,13,32,0.406,22,54,0.407,0.483,12,16,0.750,13,37,50,24,4,6,9,21,33,77,0.429,13,34,0.382,20,43,0.465,0.513,20,28,0.714,7,36,43,20,3,3,9,10,124.6,94.4,102.7,0.138,0.415,0.642,57.9,80.9,2.9,14.1,0.617,15.3,33.3,0.128,0.438,11.9,20.0,0.135
51,51,2023-01-28,@,SAS,W,128,118,OT,50,103,0.485,8,24,0.333,42,79,0.532,0.524,20,26,0.769,17,35,52,31,7,6,9,19,48,109,0.440,10,29,0.345,38,80,0.475,0.486,12,17,0.706,17,36,53,32,6,4,13,20,107.6,112.1,88.3,0.186,0.372,0.511,53.8,68.6,4.5,14.0,0.483,8.8,26.5,0.140,0.513,9.2,15.9,0.260
52,52,2023-01-30,,TOR,W,114,106,,43,87,0.494,11,28,0.393,32,59,0.542,0.557,17,21,0.810,13,29,42,28,10,4,12,16,40,89,0.449,9,33,0.273,31,56,0.554,0.500,17,19,0.895,16,28,44,19,9,4,14,19,120.9,111.5,95.9,0.252,0.233,0.559,49.5,62.0,6.6,7.5,0.524,7.3,32.1,0.194,0.486,10.0,32.7,0.110
53,53,2023-02-01,,ATL,L,100,132,,35,86,0.407,4,28,0.143,31,58,0.534,0.430,26,31,0.839,12,32,44,22,8,4,16,13,52,91,0.571,19,33,0.576,33,58,0.569,0.676,9,11,0.818,6,39,45,32,6,5,12,24,123.6,114.9,92.2,0.241,0.322,0.592,48.8,65.1,10.8,7.1,0.557,11.1,31.7,0.195,0.500,12.6,35.6,0.191
54,54,2023-02-03,@,BOS,W,106,94,,41,95,0.432,12,32,0.375,29,63,0.460,0.495,12,14,0.857,10,43,53,28,6,6,9,22,29,75,0.387,10,38,0.263,19,37,0.514,0.453,26,31,0.839,3,40,43,18,5,3,15,21,98.8,130.5,101.2,0.360,0.326,0.502,49.4,62.9,7.9,6.9,0.430,13.8,23.5,0.302,0.676,11.1,15.8,0.099
55,55,2023-02-04,@,DET,W,116,100,,42,75,0.560,11,23,0.478,31,52,0.596,0.633,21,31,0.677,10,36,46,34,10,2,17,23,35,81,0.432,16,42,0.381,19,39,0.487,0.531,14,22,0.636,9,21,30,23,8,2,16,27,107.5,95.3,98.6,0.147,0.337,0.524,55.2,68.3,6.1,16.2,0.495,8.2,20.0,0.126,0.453,14.5,6.5,0.347
56,56,2023-02-07,@,BRK,W,116,112,,43,92,0.467,9,31,0.290,34,61,0.557,0.516,21,28,0.750,16,32,48,31,10,4,15,24,38,79,0.481,9,28,0.321,29,51,0.569,0.538,27,31,0.871,5,31,36,25,11,2,17,21,122.8,105.8,94.5,0.413,0.307,0.654,60.5,81.0,10.6,5.1,0.633,16.1,32.3,0.280,0.531,15.0,20.0,0.173
57,57,2023-02-09,@,ATL,L,107,116,,39,86,0.453,7,30,0.233,32,56,0.571,0.494,22,29,0.759,9,26,35,24,14,10,11,19,43,95,0.453,10,29,0.345,33,66,0.500,0.505,20,27,0.741,20,39,59,23,6,4,19,22,114.4,110.4,101.4,0.304,0.337,0.556,57.1,72.1,9.9,7.8,0.516,12.6,34.0,0.228,0.538,15.5,13.5,0.342
58,58,2023-02-10,@,IND,W,117,104,,43,93,0.462,10,33,0.303,33,60,0.550,0.516,21,24,0.875,19,34,53,25,13,2,17,24,36,85,0.424,11,39,0.282,25,46,0.543,0.488,21,28,0.750,11,27,38,23,9,3,15,16,107.1,116.1,99.9,0.337,0.349,0.542,37.2,61.5,14.0,15.2,0.494,10.0,18.8,0.256,0.505,15.1,43.5,0.211
59,59,2023-02-14,,SAC,W,120,109,,50,88,0.568,7,22,0.318,43,66,0.652,0.608,13,16,0.813,8,29,37,33,12,4,15,17,37,83,0.446,14,38,0.368,23,45,0.511,0.530,21,24,0.875,13,27,40,23,8,4,17,21,119.5,106.2,97.9,0.258,0.355,0.565,58.2,58.1,13.3,4.3,0.516,14.1,41.3,0.226,0.488,13.4,24.4,0.247
60,60,2023-02-16,,LAC,L,107,116,,42,89,0.472,11,31,0.355,31,58,0.534,0.534,12,16,0.750,7,31,38,30,10,2,14,24,40,82,0.488,11,34,0.324,29,48,0.604,0.555,25,27,0.926,8,35,43,29,8,2,14,19,123.4,112.1,97.2,0.182,0.250,0.631,48.1,66.0,12.3,8.9,0.608,13.6,22.9,0.148,0.530,15.4,31.0,0.253
61,61,2023-02-24,,OKC,W,124,115,,42,90,0.467,14,38,0.368,28,52,0.538,0.544,26,32,0.813,15,39,54,23,5,5,11,22,41,95,0.432,15,38,0.395,26,57,0.456,0.511,18,24,0.750,14,33,47,27,5,2,9,21,107.8,116.8,99.3,0.180,0.348,0.557,46.9,71.4,10.1,4.2,0.534,12.7,16.7,0.135,0.555,13.0,20.5,0.305
62,62,2023-02-26,@,MIL,L,101,104,,40,95,0.421,8,24,0.333,32,71,0.451,0.463,13,22,0.591,19,36,55,21,4,5,12,22,38,87,0.437,13,45,0.289,25,42,0.595,0.511,15,21,0.714,11,34,45,15,4,7,12,20,126.5,117.3,98.0,0.356,0.422,0.596,53.5,54.8,5.1,8.8,0.544,9.6,31.3,0.289,0.511,7.9,26.4,0.189
63,63,2023-03-01,@,CHO,W,105,91,,42,89,0.472,9,25,0.360,33,64,0.516,0.522,12,15,0.800,5,43,48,30,8,9,13,22,32,88,0.364,9,33,0.273,23,55,0.418,0.415,18,28,0.643,12,36,48,20,3,7,14,17,106.4,109.6,94.9,0.232,0.253,0.482,55.0,52.5,4.2,11.9,0.463,10.3,35.8,0.137,0.511,11.1,23.4,0.172
64,64,2023-03-03,@,CHI,W,125,104,,42,84,0.500,20,47,0.426,22,37,0.595,0.619,21,25,0.840,13,28,41,29,6,7,11,20,39,83,0.470,7,23,0.304,32,60,0.533,0.512,19,25,0.760,9,25,34,24,7,1,9,15,104.0,90.1,101.0,0.169,0.281,0.549,50.0,71.4,7.9,16.4,0.522,12.0,12.2,0.135,0.415,12.2,21.8,0.205
65,65,2023-03-05,@,DAL,W,130,126,,49,89,0.551,12,34,0.353,37,55,0.673,0.618,20,25,0.800,9,32,41,27,5,2,9,28,38,77,0.494,15,38,0.395,23,39,0.590,0.591,35,38,0.921,5,26,31,15,5,0,10,22,138.8,115.4,90.1,0.298,0.560,0.658,54.7,69.0,6.7,11.7,0.619,10.4,34.2,0.250,0.512,8.7,24.3,0.229
66,66,2023-03-08,,OKC,W,132,101,,49,94,0.521,20,43,0.465,29,51,0.569,0.628,14,16,0.875,14,40,54,31,10,7,15,17,33,88,0.375,15,43,0.349,18,45,0.400,0.460,20,21,0.952,7,30,37,23,9,2,16,13,134.3,130.2,96.8,0.281,0.382,0.650,56.9,55.1,5.2,5.1,0.618,8.3,25.7,0.225,0.591,9.6,13.5,0.455
67,67,2023-03-11,,SAC,L,119,128,,44,89,0.494,13,44,0.295,31,45,0.689,0.567,18,22,0.818,7,33,40,30,11,3,14,26,41,85,0.482,15,35,0.429,26,50,0.520,0.571,31,37,0.838,8,31,39,19,10,2,15,19,129.6,99.2,101.9,0.170,0.457,0.653,59.3,63.3,9.8,15.6,0.628,12.9,31.8,0.149,0.460,14.1,14.9,0.227
68,68,2023-03-13,@,GSW,L,112,123,,46,95,0.484,4,21,0.190,42,74,0.568,0.505,16,22,0.727,17,30,47,25,8,4,14,23,45,83,0.542,19,39,0.487,26,44,0.591,0.657,14,24,0.583,9,32,41,28,8,6,16,21,114.1,122.8,104.3,0.247,0.494,0.603,50.6,68.2,10.5,6.0,0.567,12.4,18.4,0.202,0.571,12.9,19.5,0.365
69,69,2023-03-14,,MIL,L,104,116,,41,95,0.432,8,23,0.348,33,72,0.458,0.474,14,16,0.875,8,33,41,23,7,3,11,26,40,85,0.471,12,39,0.308,28,46,0.609,0.541,24,37,0.649,13,33,46,24,8,6,13,15,112.7,123.7,99.4,0.232,0.221,0.535,53.4,54.3,8.0,9.1,0.505,11.8,34.7,0.168,0.657,14.6,23.1,0.169
70,70,2023-03-16,,ORL,W,116,113,,43,90,0.478,13,35,0.371,30,55,0.545,0.550,17,17,1.000,7,28,35,26,7,5,14,22,43,86,0.500,8,28,0.286,35,58,0.603,0.547,19,23,0.826,11,36,47,25,7,3,19,20,103.8,115.8,100.2,0.168,0.242,0.510,47.1,56.1,7.0,6.5,0.474,9.7,19.5,0.147,0.541,11.4,28.3,0.282
71,71,2023-03-19,@,OKC,L,120,124,,44,92,0.478,15,36,0.417,29,56,0.518,0.560,17,24,0.708,9,31,40,31,7,9,14,31,42,84,0.500,11,28,0.393,31,56,0.554,0.565,29,36,0.806,6,38,44,20,8,3,16,20,113.8,110.9,101.9,0.189,0.389,0.595,42.7,60.5,6.9,8.6,0.550,12.6,16.3,0.189,0.547,16.5,28.2,0.221
72,72,2023-03-22,@,LAL,L,111,122,,42,90,0.467,12,31,0.387,30,59,0.508,0.533,15,20,0.750,12,27,39,23,7,6,17,31,39,70,0.557,8,17,0.471,31,53,0.585,0.614,36,46,0.783,5,31,36,27,7,2,15,20,112.7,116.5,106.4,0.261,0.391,0.585,47.6,70.5,6.6,16.1,0.560,12.0,19.1,0.185,0.565,13.8,16.2,0.345
73,73,2023-03-24,@,SAC,L,127,135,,48,89,0.539,9,29,0.310,39,60,0.650,0.590,22,29,0.759,12,31,43,33,2,7,12,25,47,89,0.528,13,39,0.333,34,50,0.680,0.601,28,32,0.875,5,28,33,29,6,3,4,23,111.6,122.7,99.4,0.222,0.344,0.562,52.0,54.8,7.0,11.3,0.533,14.7,27.9,0.167,0.614,14.3,15.6,0.514
74,74,2023-03-25,,PHI,W,125,105,,47,93,0.505,15,32,0.469,32,61,0.525,0.586,16,19,0.842,13,32,45,35,4,9,8,22,34,78,0.436,13,31,0.419,21,47,0.447,0.519,24,27,0.889,8,28,36,21,3,7,13,16,127.6,135.7,99.5,0.326,0.326,0.624,56.6,68.8,2.0,14.0,0.590,10.5,30.0,0.247,0.601,3.7,13.9,0.315
75,75,2023-03-27,@,UTA,W,117,103,,43,101,0.426,11,36,0.306,32,65,0.492,0.480,20,22,0.909,18,31,49,31,7,7,7,20,38,86,0.442,9,36,0.250,29,50,0.580,0.494,18,27,0.667,10,37,47,25,2,7,13,19,134.9,113.3,92.7,0.204,0.344,0.617,55.6,74.5,4.3,19.1,0.586,7.3,31.7,0.172,0.519,12.6,20.0,0.308
76,76,2023-03-29,,MIN,W,107,100,,40,96,0.417,6,20,0.300,34,76,0.447,0.448,21,27,0.778,15,33,48,23,11,8,8,16,40,90,0.444,12,35,0.343,28,55,0.509,0.511,8,12,0.667,16,38,54,24,4,4,21,24,120.8,106.3,96.9,0.218,0.356,0.529,51.0,72.1,7.2,14.0,0.480,5.9,32.7,0.198,0.494,11.7,24.4,0.209
77,77,2023-03-31,,DEN,W,100,93,,37,88,0.420,10,27,0.370,27,61,0.443,0.477,16,21,0.762,13,38,51,28,8,7,16,16,38,95,0.400,6,26,0.231,32,69,0.464,0.432,11,20,0.550,15,36,51,19,11,5,11,16,109.1,102.0,98.1,0.281,0.208,0.496,47.1,57.5,11.2,14.5,0.448,6.9,28.3,0.219,0.511,18.1,32.7,0.089
78,78,2023-04-02,@,OKC,W,128,118,,46,81,0.568,13,34,0.382,33,47,0.702,0.648,23,28,0.821,5,33,38,31,4,6,13,30,36,88,0.409,11,32,0.344,25,56,0.446,0.472,35,41,0.854,13,28,41,21,7,0,8,23,102.7,95.6,97.3,0.239,0.307,0.514,50.0,75.7,8.2,10.1,0.477,14.1,26.5,0.182,0.432,9.6,28.3,0.116
79,79,2023-04-04,,SAS,W,115,94,,43,89,0.483,10,33,0.303,33,56,0.589,0.539,19,26,0.731,15,42,57,25,7,7,14,12,35,90,0.389,13,40,0.325,22,50,0.440,0.461,11,14,0.786,9,29,38,25,7,5,12,16,130.5,120.3,98.1,0.346,0.420,0.686,48.1,67.4,4.1,10.7,0.648,12.2,15.2,0.284,0.472,7.0,28.3,0.398
80,80,2023-04-06,,DEN,W,119,115,,41,79,0.519,17,36,0.472,24,43,0.558,0.627,20,25,0.800,7,26,33,26,4,6,10,16,44,83,0.530,8,23,0.348,36,60,0.600,0.578,19,23,0.826,9,29,38,24,7,2,13,19,118.7,97.0,96.9,0.292,0.371,0.572,60.0,58.1,7.2,14.0,0.539,12.2,34.1,0.213,0.461,11.1,17.6,0.122
81,81,2023-04-07,@,LAL,L,107,121,,43,104,0.413,9,36,0.250,34,68,0.500,0.457,12,14,0.857,13,34,47,23,7,10,9,12,45,92,0.489,18,36,0.500,27,56,0.482,0.587,13,17,0.765,10,44,54,25,6,6,16,12,128.3,123.9,92.8,0.316,0.456,0.661,46.5,63.4,4.3,10.0,0.627,10.0,19.4,0.253,0.578,12.3,25.7,0.229
82,82,2023-04-09,,LAC,L,114,119,,42,99,0.424,14,37,0.378,28,62,0.452,0.495,16,22,0.727,12,35,47,29,4,3,7,21,49,100,0.490,5,23,0.217,44,77,0.571,0.515,16,24,0.667,14,39,53,22,3,5,10,18,103.3,116.9,103.5,0.135,0.346,0.486,46.5,53.5,6.8,17.9,0.457,7.6,22.8,0.115,0.587,13.9,22.7,0.141
1,1,2023-10-24,@,GSW,W,108,104,,42,95,0.442,11,33,0.333,31,62,0.500,0.500,13,17,0.765,17,43,60,23,5,7,19,22,36,101,0.356,10,43,0.233,26,58,0.448,0.406,22,28,0.786,18,31,49,19,11,6,11,23,106.2,102.3,101.7,0.179,0.347,0.527,55.0,54.8,4.9,12.1,0.500,15.6,35.4,0.137,0.406,8.8,29.5,0.218
2,2,2023-10-26,@,LAL,L,95,100,,34,81,0.420,9,31,0.290,25,50,0.500,0.475,18,23,0.783,10,39,49,16,7,3,24,21,36,84,0.429,5,29,0.172,31,55,0.564,0.458,23,29,0.793,8,34,42,24,14,7,16,23,92.4,97.3,102.8,0.284,0.383,0.521,53.8,47.1,6.8,5.5,0.475,20.8,22.7,0.222,0.458,14.2,17.0,0.274
3,3,2023-10-28,,UTA,W,126,104,,45,85,0.529,10,37,0.270,35,48,0.729,0.588,26,28,0.929,7,32,39,31,10,7,11,19,40,91,0.440,12,37,0.324,28,54,0.519,0.505,12,14,0.857,15,30,45,26,6,5,19,20,127.7,105.4,98.6,0.329,0.435,0.647,46.4,68.9,10.1,13.0,0.588,10.2,18.9,0.306,0.505,16.4,31.9,0.132
4,4,2023-10-31,,SAS,L,114,115,,42,83,0.506,18,39,0.462,24,44,0.545,0.614,12,15,0.800,6,37,43,29,8,7,19,18,43,92,0.467,14,37,0.378,29,55,0.527,0.543,15,20,0.750,8,29,37,25,10,9,12,17,112.2,113.2,101.6,0.181,0.470,0.636,53.8,69.0,7.9,12.7,0.614,17.5,17.1,0.145,0.543,10.6,17.8,0.163
5,5,2023-11-02,,SAS,L,121,132,,43,80,0.538,16,32,0.500,27,48,0.563,0.638,19,26,0.731,5,29,34,26,5,4,14,15,51,98,0.520,18,37,0.486,33,61,0.541,0.612,12,13,0.923,9,32,41,37,7,5,8,21,122.0,133.1,99.2,0.325,0.400,0.662,45.3,60.5,5.0,6.6,0.638,13.3,13.5,0.238,0.612,7.2,23.7,0.122
6,6,2023-11-04,@,PHI,L,100,112,,32,89,0.360,9,35,0.257,23,54,0.426,0.410,27,33,0.818,15,27,42,22,11,12,11,11,43,90,0.478,11,30,0.367,32,60,0.533,0.539,15,18,0.833,15,36,51,24,5,6,18,24,103.9,116.4,96.3,0.371,0.393,0.483,45.2,68.8,11.4,20.0,0.410,9.6,29.4,0.303,0.539,15.5,35.7,0.167
7,7,2023-11-05,@,DET,W,120,106,,43,86,0.500,8,21,0.381,35,65,0.538,0.547,26,29,0.897,14,29,43,29,8,10,18,13,43,87,0.494,8,23,0.348,35,64,0.547,0.540,12,14,0.857,10,23,33,25,7,6,16,23,123.3,108.9,97.4,0.337,0.244,0.608,56.6,67.4,8.2,15.6,0.547,15.4,37.8,0.302,0.540,14.7,25.6,0.138
8,8,2023-11-08,@,CHI,W,116,115,OT,38,90,0.422,19,48,0.396,19,42,0.452,0.528,21,25,0.840,13,41,54,32,7,10,22,20,42,96,0.438,14,33,0.424,28,63,0.444,0.510,17,23,0.739,9,30,39,30,12,7,14,22,108.4,107.5,96.9,0.278,0.533,0.574,58.1,84.2,6.5,15.9,0.528,17.9,30.2,0.233,0.510,11.7,18.0,0.177
9,9,2023-11-10,,LAL,L,119,122,,42,94,0.447,15,37,0.405,27,57,0.474,0.527,20,27,0.741,17,35,52,22,9,1,13,24,42,84,0.500,12,27,0.444,30,57,0.526,0.571,26,34,0.765,9,34,43,27,9,7,11,20,119.8,122.8,99.3,0.287,0.394,0.562,54.7,52.4,9.1,1.8,0.527,10.9,33.3,0.213,0.571,10.0,20.5,0.310
10,10,2023-11-12,,OKC,L,99,111,,32,83,0.386,9,29,0.310,23,54,0.426,0.440,26,31,0.839,16,35,51,20,4,7,17,19,40,82,0.488,10,27,0.370,30,55,0.545,0.549,21,25,0.840,6,27,33,23,9,8,9,21,106.2,119.0,93.3,0.373,0.349,0.512,60.7,62.5,4.3,12.7,0.440,15.0,37.2,0.313,0.549,8.8,14.6,0.256
11,11,2023-11-15,,MIN,W,133,115,,51,85,0.600,17,31,0.548,34,54,0.630,0.700,14,15,0.933,5,27,32,31,1,4,9,21,42,92,0.457,5,27,0.185,37,65,0.569,0.484,26,28,0.929,16,24,40,18,8,5,6,14,145.3,125.7,91.5,0.176,0.365,0.726,44.4,60.8,1.1,6.2,0.700,8.9,17.2,0.165,0.484,5.4,37.2,0.283
12,12,2023-11-17,@,UTA,W,131,128,,45,86,0.523,18,33,0.545,27,53,0.509,0.628,23,26,0.885,5,31,36,35,5,4,9,22,43,85,0.506,16,36,0.444,27,49,0.551,0.600,26,31,0.839,10,29,39,27,3,10,8,23,135.5,132.4,96.7,0.302,0.384,0.672,48.0,77.8,5.2,8.2,0.628,8.5,14.7,0.267,0.600,7.5,24.4,0.306
13,13,2023-11-19,@,UTA,W,140,137,2OT,50,102,0.490,18,45,0.400,32,57,0.561,0.578,22,26,0.846,11,33,44,36,11,13,18,28,48,115,0.417,15,46,0.326,33,69,0.478,0.483,26,32,0.813,27,32,59,27,11,5,19,27,121.4,118.8,95.5,0.255,0.441,0.617,42.7,72.0,9.5,18.8,0.578,13.7,25.6,0.216,0.483,12.8,45.0,0.226
14,14,2023-11-21,,POR,W,120,107,,43,76,0.566,7,17,0.412,36,59,0.610,0.612,27,28,0.964,11,27,38,26,8,8,15,18,38,87,0.437,14,31,0.452,24,56,0.429,0.517,17,20,0.850,12,18,30,20,8,3,13,20,132.8,118.4,90.3,0.368,0.224,0.679,55.9,60.5,8.9,14.3,0.612,14.5,37.9,0.355,0.517,11.9,30.8,0.195
15,15,2023-11-22,,GSW,W,123,115,,34,76,0.447,11,28,0.393,23,48,0.479,0.520,44,52,0.846,11,32,43,22,9,8,15,22,43,90,0.478,10,32,0.313,33,58,0.569,0.533,19,29,0.655,11,32,43,29,10,3,16,34,120.0,112.2,102.5,0.684,0.368,0.622,50.0,64.7,8.8,13.8,0.520,13.2,25.6,0.579,0.533,13.5,25.6,0.211
16,16,2023-11-24,@,MEM,W,110,89,,39,76,0.513,11,31,0.355,28,45,0.622,0.586,21,28,0.750,7,34,41,22,10,6,13,12,37,80,0.463,9,33,0.273,28,47,0.596,0.519,6,10,0.600,6,29,35,22,6,2,15,22,119.2,96.4,92.3,0.368,0.408,0.623,53.9,56.4,10.8,12.8,0.586,12.8,19.4,0.276,0.519,15.1,15.0,0.075
17,17,2023-11-26,@,NYK,W,116,113,,42,91,0.462,16,38,0.421,26,53,0.491,0.549,16,21,0.762,18,29,47,27,4,11,13,25,39,86,0.453,12,29,0.414,27,57,0.474,0.523,23,32,0.719,13,25,38,18,7,5,7,19,128.4,125.1,90.3,0.231,0.418,0.579,55.3,64.3,4.4,19.3,0.549,11.5,41.9,0.176,0.523,6.5,31.0,0.267
18,18,2023-11-29,@,TOR,L,105,112,,38,94,0.404,7,26,0.269,31,68,0.456,0.441,22,23,0.957,12,35,47,25,3,5,10,15,42,93,0.452,10,27,0.370,32,66,0.485,0.505,18,21,0.857,15,34,49,25,7,5,10,22,109.0,116.3,96.3,0.245,0.277,0.504,49.0,65.8,3.1,7.6,0.441,8.8,26.1,0.234,0.505,8.9,30.0,0.194
19,19,2023-12-01,,DEN,L,111,119,,39,84,0.464,9,27,0.333,30,57,0.526,0.518,24,26,0.923,8,35,43,22,4,9,12,17,50,88,0.568,12,32,0.375,38,56,0.679,0.636,7,12,0.583,4,28,32,38,8,4,9,21,114.8,123.1,96.7,0.310,0.321,0.582,57.3,56.4,4.1,16.1,0.518,11.2,22.2,0.286,0.636,8.8,10.3,0.080
20,20,2023-12-02,,MEM,W,116,109,,36,83,0.434,9,26,0.346,27,57,0.474,0.488,35,43,0.814,12,32,44,24,10,5,17,21,39,86,0.453,9,31,0.290,30,55,0.545,0.506,22,24,0.917,8,32,40,14,9,8,17,31,112.6,105.8,103.0,0.518,0.313,0.569,52.4,66.7,9.7,9.1,0.488,14.3,27.3,0.422,0.506,15.0,20.0,0.256
21,21,2023-12-05,@,LAL,L,103,106,,37,75,0.493,12,25,0.480,25,50,0.500,0.573,17,21,0.810,8,36,44,25,8,5,22,21,38,102,0.373,9,30,0.300,29,72,0.403,0.417,21,25,0.840,21,24,45,24,11,2,10,19,107.3,110.4,96.0,0.280,0.333,0.611,49.4,67.6,8.3,6.9,0.573,20.7,25.0,0.227,0.417,8.1,36.8,0.206
22,22,2023-12-08,,SAC,L,106,114,,40,83,0.482,11,32,0.344,29,51,0.569,0.548,15,23,0.652,8,32,40,26,8,5,11,19,42,92,0.457,14,39,0.359,28,53,0.528,0.533,16,20,0.800,15,35,50,25,7,0,13,22,111.2,119.6,95.3,0.277,0.386,0.569,44.4,65.0,8.4,9.4,0.548,10.6,18.6,0.181,0.533,11.4,31.9,0.174
23,23,2023-12-12,,GSW,W,119,116,,38,84,0.452,14,39,0.359,24,45,0.533,0.536,29,34,0.853,7,34,41,27,8,7,15,22,41,92,0.446,16,46,0.348,25,46,0.543,0.533,18,27,0.667,13,38,51,26,9,1,15,28,114.6,111.7,103.8,0.405,0.464,0.601,44.6,71.1,7.7,15.2,0.536,13.2,15.6,0.345,0.533,12.6,27.7,0.196
24,24,2023-12-13,,BRK,L,112,116,,40,84,0.476,9,28,0.321,31,56,0.554,0.530,23,27,0.852,14,35,49,28,5,4,12,20,41,89,0.461,15,41,0.366,26,48,0.542,0.545,19,24,0.792,10,26,36,24,9,4,7,17,121.4,125.7,92.3,0.321,0.333,0.584,57.6,70.0,5.4,8.3,0.530,11.1,35.0,0.274,0.545,6.6,22.2,0.213
25,25,2023-12-15,,NYK,L,122,139,,47,90,0.522,11,28,0.393,36,62,0.581,0.583,17,21,0.810,10,23,33,30,4,3,12,17,49,82,0.598,17,29,0.586,32,53,0.604,0.701,24,28,0.857,9,29,38,28,9,5,11,20,126.5,144.1,96.4,0.233,0.311,0.615,46.5,63.8,4.1,5.7,0.583,10.8,25.6,0.189,0.701,10.4,28.1,0.293
26,26,2023-12-17,,WAS,W,112,108,,41,90,0.456,7,31,0.226,34,59,0.576,0.494,23,30,0.767,13,41,54,29,8,6,17,16,39,95,0.411,14,46,0.304,25,49,0.510,0.484,16,20,0.800,10,34,44,24,8,6,10,25,108.9,105.0,102.9,0.333,0.344,0.543,55.1,70.7,7.8,12.2,0.494,14.1,27.7,0.256,0.484,8.8,19.6,0.168
27,27,2023-12-19,@,POR,L,104,109,,42,94,0.447,5,23,0.217,37,71,0.521,0.473,15,21,0.714,14,33,47,23,10,6,15,15,39,87,0.448,14,28,0.500,25,59,0.424,0.529,17,19,0.895,10,32,42,23,8,4,17,18,103.9,108.9,100.1,0.223,0.245,0.504,52.8,54.8,10.0,10.2,0.473,12.7,30.4,0.160,0.529,15.1,23.3,0.195
28,28,2023-12-22,@,SAC,L,105,120,,39,88,0.443,5,25,0.200,34,63,0.540,0.472,22,28,0.786,15,30,45,19,8,4,15,19,44,83,0.530,12,38,0.316,32,45,0.711,0.602,20,26,0.769,7,30,37,32,7,7,14,24,107.0,122.3,98.1,0.318,0.284,0.523,54.9,48.7,8.2,8.9,0.472,13.0,33.3,0.250,0.602,12.9,18.9,0.241
29,29,2023-12-25,,DAL,L,114,128,,40,90,0.444,14,41,0.341,26,49,0.531,0.522,20,25,0.800,14,33,47,28,5,2,16,21,45,84,0.536,16,44,0.364,29,40,0.725,0.631,22,30,0.733,8,30,38,28,7,6,11,20,115.2,129.4,98.9,0.278,0.456,0.564,55.3,70.0,5.1,5.0,0.522,13.7,31.8,0.222,0.631,10.2,19.5,0.262
30,30,2023-12-27,@,HOU,W,129,113,,47,82,0.573,14,33,0.424,33,49,0.673,0.659,21,26,0.808,8,36,44,28,4,11,19,17,40,96,0.417,17,41,0.415,23,55,0.418,0.505,16,22,0.727,9,24,33,20,11,3,10,21,125.9,110.3,102.4,0.317,0.402,0.690,57.1,59.6,3.9,20.0,0.659,16.9,25.0,0.256,0.505,8.6,20.0,0.167
31,31,2023-12-29,,CHO,W,133,119,,46,74,0.622,18,30,0.600,28,44,0.636,0.743,23,24,0.958,6,33,39,34,3,11,15,14,44,92,0.478,23,46,0.500,21,46,0.457,0.603,8,8,1.000,8,18,26,32,5,3,6,17,145.9,130.6,91.1,0.324,0.405,0.786,60.0,73.9,3.3,23.9,0.743,15.1,25.0,0.311,0.603,5.9,19.5,0.087
32,32,2023-12-31,,ORL,W,112,107,,44,88,0.500,8,27,0.296,36,61,0.590,0.545,16,19,0.842,6,29,35,21,11,4,6,17,42,90,0.467,12,37,0.324,30,53,0.566,0.533,11,12,0.917,8,37,45,22,2,4,15,18,115.6,110.5,96.9,0.216,0.307,0.581,43.8,47.7,11.4,7.5,0.545,5.9,14.0,0.182,0.533,13.6,21.6,0.122
33,33,2024-01-01,,POR,W,109,88,,38,80,0.475,11,29,0.379,27,51,0.529,0.544,22,33,0.667,9,38,47,24,10,5,16,20,33,80,0.413,8,30,0.267,25,50,0.500,0.463,14,19,0.737,6,30,36,21,6,10,19,19,109.8,88.6,99.3,0.413,0.363,0.577,56.6,63.2,10.1,10.0,0.544,14.5,23.1,0.275,0.463,17.7,13.6,0.175
34,34,2024-01-03,,LAC,L,122,131,,42,79,0.532,15,35,0.429,27,44,0.614,0.627,23,26,0.885,10,22,32,23,9,2,17,23,42,76,0.553,18,34,0.529,24,42,0.571,0.671,29,32,0.906,10,26,36,25,9,5,14,18,130.6,140.2,93.4,0.329,0.443,0.674,47.1,54.8,9.6,4.8,0.627,15.8,27.8,0.291,0.671,13.5,31.3,0.382
35,35,2024-01-05,,MIA,W,113,97,,44,87,0.506,14,35,0.400,30,52,0.577,0.586,11,17,0.647,9,35,44,30,13,5,11,18,34,83,0.410,10,37,0.270,24,46,0.522,0.470,19,22,0.864,11,33,44,26,5,2,16,21,118.8,102.0,95.1,0.195,0.402,0.598,50.0,68.2,13.7,10.9,0.586,10.4,21.4,0.126,0.470,14.7,23.9,0.229
36,36,2024-01-07,,MEM,L,115,121,,46,102,0.451,8,28,0.286,38,74,0.514,0.490,15,22,0.682,16,34,50,29,5,6,12,27,43,97,0.443,17,49,0.347,26,48,0.542,0.531,18,24,0.750,15,39,54,29,7,8,18,24,108.3,114.0,106.1,0.216,0.275,0.515,48.1,63.0,4.7,12.5,0.490,9.7,29.1,0.147,0.531,14.3,30.6,0.186
37,37,2024-01-08,@,LAC,L,111,138,,38,77,0.494,10,30,0.333,28,47,0.596,0.558,25,29,0.862,5,20,25,17,6,4,14,20,53,85,0.624,15,29,0.517,38,56,0.679,0.712,17,23,0.739,11,33,44,32,11,3,14,21,114.9,142.9,96.6,0.377,0.390,0.618,36.2,44.7,6.2,7.1,0.558,13.5,13.2,0.325,0.712,12.8,35.5,0.200
38,38,2024-01-11,@,LAL,W,127,109,,46,93,0.495,14,39,0.359,32,54,0.593,0.570,21,23,0.913,13,33,46,23,12,3,13,16,40,80,0.500,13,34,0.382,27,46,0.587,0.581,16,25,0.640,7,30,37,33,8,4,18,19,126.7,108.7,100.3,0.247,0.419,0.616,55.4,50.0,12.0,6.5,0.570,11.2,30.2,0.226,0.581,16.5,17.5,0.200
39,39,2024-01-14,@,POR,W,127,116,,46,76,0.605,13,28,0.464,33,48,0.688,0.691,22,27,0.815,7,34,41,27,7,5,14,20,40,89,0.449,20,42,0.476,20,47,0.426,0.562,16,22,0.727,12,24,36,23,8,1,14,21,132.5,121.0,95.8,0.355,0.368,0.723,53.2,58.7,7.3,10.6,0.691,13.7,22.6,0.289,0.562,12.4,26.1,0.180
40,40,2024-01-16,,SAC,W,119,117,,42,85,0.494,17,37,0.459,25,48,0.521,0.594,18,20,0.900,8,38,46,32,7,6,20,15,46,92,0.500,18,40,0.450,28,52,0.538,0.598,7,12,0.583,5,26,31,34,7,4,14,20,114.8,112.9,103.6,0.235,0.435,0.634,59.7,76.2,6.8,11.5,0.594,17.6,23.5,0.212,0.598,12.6,11.6,0.076
41,41,2024-01-19,@,NOP,W,123,109,,46,93,0.495,15,41,0.366,31,52,0.596,0.575,16,21,0.762,7,41,48,32,7,3,10,17,41,93,0.441,10,42,0.238,31,51,0.608,0.495,17,23,0.739,9,33,42,27,4,5,11,16,119.5,105.9,102.9,0.226,0.441,0.602,53.3,69.6,6.8,5.9,0.575,8.9,17.5,0.172,0.495,9.6,18.0,0.183
42,42,2024-01-21,,IND,W,117,110,,47,82,0.573,8,25,0.320,39,57,0.684,0.622,15,18,0.833,6,38,44,25,7,5,17,24,41,94,0.436,14,31,0.452,27,63,0.429,0.511,14,23,0.609,14,26,40,28,9,4,11,20,118.1,111.0,99.1,0.220,0.305,0.651,52.4,53.2,7.1,7.9,0.622,15.9,18.8,0.183,0.511,9.6,26.9,0.149
43,43,2024-01-22,,CHI,W,115,113,,44,85,0.518,14,34,0.412,30,51,0.588,0.600,13,17,0.765,5,34,39,32,5,5,7,13,45,93,0.484,14,37,0.378,31,56,0.554,0.559,9,14,0.643,14,33,47,25,6,4,10,18,123.2,121.1,93.3,0.200,0.400,0.622,45.3,72.7,5.4,8.9,0.600,7.0,13.2,0.153,0.559,9.2,29.2,0.097
44,44,2024-01-24,@,DAL,W,132,109,,51,85,0.600,14,34,0.412,37,51,0.725,0.682,16,22,0.727,11,38,49,30,10,4,16,20,41,89,0.461,17,43,0.395,24,46,0.522,0.556,10,18,0.556,10,23,33,25,4,3,14,16,133.7,110.4,98.8,0.259,0.400,0.697,59.8,58.8,10.1,8.7,0.682,14.5,32.4,0.188,0.556,12.6,20.8,0.112
45,45,2024-01-26,@,IND,L,131,133,,51,89,0.573,13,30,0.433,38,59,0.644,0.646,16,18,0.889,7,31,38,24,8,5,20,17,58,109,0.532,8,26,0.308,50,83,0.602,0.569,9,15,0.600,21,27,48,34,8,3,13,17,122.5,124.4,106.9,0.202,0.337,0.676,44.2,47.1,7.5,6.0,0.646,17.1,20.6,0.180,0.569,10.1,40.4,0.083
46,46,2024-01-28,@,ORL,L,98,113,,41,73,0.562,4,14,0.286,37,59,0.627,0.589,12,21,0.571,6,33,39,19,4,5,23,19,41,92,0.446,12,36,0.333,29,56,0.518,0.511,19,26,0.731,11,29,40,30,12,7,10,21,99.3,114.6,98.6,0.288,0.192,0.596,49.4,46.3,4.1,8.9,0.589,21.9,17.1,0.164,0.511,8.8,25.0,0.207
47,47,2024-01-29,@,MIA,W,118,105,,46,94,0.489,14,40,0.350,32,54,0.593,0.564,12,17,0.706,10,37,47,30,8,8,8,16,33,84,0.393,14,36,0.389,19,48,0.396,0.476,25,25,1.000,8,36,44,20,5,5,13,18,121.1,107.7,97.5,0.181,0.426,0.581,51.6,65.2,8.2,16.7,0.564,7.3,21.7,0.128,0.476,12.0,17.8,0.298
48,48,2024-01-31,@,BRK,W,136,120,,49,79,0.620,14,28,0.500,35,51,0.686,0.709,24,32,0.750,9,33,42,35,5,6,16,12,47,94,0.500,16,39,0.410,31,55,0.564,0.585,10,13,0.769,8,19,27,28,11,1,11,24,137.5,121.3,98.9,0.405,0.354,0.731,60.9,71.4,5.1,10.9,0.709,14.7,32.1,0.304,0.585,9.9,19.5,0.106
49,49,2024-02-02,@,ATL,L,120,129,,47,88,0.534,14,37,0.378,33,51,0.647,0.614,12,14,0.857,8,30,38,31,6,5,17,17,49,95,0.516,17,44,0.386,32,51,0.627,0.605,14,18,0.778,12,31,43,29,7,4,10,13,120.2,129.2,99.9,0.159,0.420,0.637,46.9,66.0,6.0,9.8,0.614,15.3,20.5,0.136,0.605,8.9,28.6,0.147
50,50,2024-02-04,@,WAS,W,140,112,,54,88,0.614,11,25,0.440,43,63,0.683,0.676,21,26,0.808,9,33,42,33,13,6,18,12,47,96,0.490,7,32,0.219,40,64,0.625,0.526,11,17,0.647,13,22,35,32,11,4,18,19,132.2,105.7,105.9,0.295,0.284,0.704,54.5,61.1,12.3,9.4,0.676,15.3,29.0,0.239,0.526,14.8,28.3,0.115
51,51,2024-02-06,,MIL,W,114,106,,44,87,0.506,8,28,0.286,36,59,0.610,0.552,18,27,0.667,8,41,49,17,8,5,14,19,39,90,0.433,13,40,0.325,26,50,0.520,0.506,15,25,0.600,10,34,44,23,10,4,13,21,111.0,103.2,102.7,0.310,0.322,0.576,52.7,38.6,7.8,10.0,0.552,12.4,19.0,0.207,0.506,11.4,19.6,0.167
52,52,2024-02-08,,UTA,W,129,115,,52,88,0.591,14,29,0.483,38,59,0.644,0.670,11,16,0.688,5,32,37,37,10,7,12,22,41,94,0.436,12,35,0.343,29,59,0.492,0.500,21,31,0.677,19,33,52,28,7,7,15,14,128.0,114.1,100.8,0.182,0.330,0.679,41.6,71.2,9.9,11.9,0.670,11.2,13.2,0.125,0.500,12.2,37.3,0.223
53,53,2024-02-10,@,GSW,L,112,113,,43,94,0.457,11,34,0.324,32,60,0.533,0.516,15,16,0.938,9,33,42,28,9,8,14,13,45,101,0.446,17,41,0.415,28,60,0.467,0.530,6,11,0.545,13,39,52,33,6,2,14,20,108.4,109.4,103.3,0.170,0.362,0.554,44.7,65.1,8.7,13.3,0.516,12.2,18.8,0.160,0.530,11.7,28.3,0.059
54,54,2024-02-13,,SAC,W,130,125,,44,85,0.518,13,31,0.419,31,54,0.574,0.594,29,36,0.806,7,32,39,29,11,6,12,16,49,95,0.516,9,31,0.290,40,64,0.625,0.563,18,24,0.750,15,35,50,27,8,6,13,27,126.2,121.4,103.0,0.424,0.365,0.645,43.8,65.9,10.7,9.4,0.594,10.6,16.7,0.341,0.563,11.0,31.9,0.189
55,55,2024-02-14,,DET,W,116,100,,35,77,0.455,10,31,0.323,25,46,0.543,0.519,36,44,0.818,9,45,54,28,15,11,24,20,38,99,0.384,10,37,0.270,28,62,0.452,0.434,14,22,0.636,16,32,48,26,14,5,19,32,106.2,91.6,109.2,0.571,0.403,0.602,52.9,80.0,13.7,17.7,0.519,19.9,22.0,0.468,0.434,14.9,26.2,0.141
56,56,2024-02-22,@,DAL,L,113,123,,40,83,0.482,15,36,0.417,25,47,0.532,0.572,18,24,0.750,11,30,41,20,7,4,16,21,43,90,0.478,19,44,0.432,24,46,0.522,0.583,18,21,0.857,10,29,39,24,10,5,10,21,117.8,128.3,95.9,0.289,0.434,0.604,51.3,50.0,7.3,8.7,0.572,14.6,27.5,0.217,0.583,9.2,25.0,0.200
57,57,2024-02-23,@,HOU,L,110,114,,38,95,0.400,7,31,0.226,31,64,0.484,0.437,27,35,0.771,19,39,58,23,10,8,10,20,37,93,0.398,15,45,0.333,22,48,0.458,0.478,25,34,0.735,17,37,54,25,8,5,14,23,109.6,113.6,100.4,0.368,0.326,0.498,51.8,60.5,10.0,16.7,0.437,8.3,33.9,0.284,0.478,11.5,30.4,0.269
58,58,2024-02-25,,LAL,W,123,113,,44,93,0.473,17,40,0.425,27,53,0.509,0.565,18,19,0.947,14,37,51,32,6,9,15,12,47,90,0.522,15,35,0.429,32,55,0.582,0.606,4,8,0.500,3,31,34,28,7,4,12,14,122.4,112.4,100.5,0.204,0.430,0.607,60.0,72.7,6.0,16.4,0.565,12.9,31.1,0.194,0.606,11.4,7.5,0.044
59,59,2024-02-29,,HOU,W,110,105,,36,89,0.404,13,37,0.351,23,52,0.442,0.478,25,37,0.676,14,37,51,20,6,6,14,21,33,99,0.333,11,45,0.244,22,54,0.407,0.389,28,31,0.903,19,39,58,14,8,5,13,29,108.2,103.3,101.6,0.416,0.416,0.522,46.8,55.6,5.9,11.1,0.478,11.7,26.4,0.281,0.389,10.3,33.9,0.283
60,60,2024-03-02,,HOU,L,109,118,,39,85,0.459,9,29,0.310,30,56,0.536,0.512,22,29,0.759,9,38,47,23,6,6,19,17,42,96,0.438,16,42,0.381,26,54,0.481,0.521,18,26,0.692,13,36,49,27,13,3,13,22,103.6,112.2,105.2,0.341,0.341,0.557,49.0,59.0,5.7,11.1,0.512,16.3,20.0,0.259,0.521,10.8,25.5,0.188
61,61,2024-03-03,,OKC,L,110,118,,40,91,0.440,14,39,0.359,26,52,0.500,0.516,16,18,0.889,15,35,50,26,2,7,22,15,49,102,0.480,9,31,0.290,40,71,0.563,0.525,11,15,0.733,10,31,41,21,16,8,6,15,107.9,115.8,101.9,0.198,0.429,0.556,54.9,65.0,2.0,9.9,0.516,18.2,32.6,0.176,0.525,5.2,22.2,0.108
62,62,2024-03-05,@,DEN,W,117,107,OT,42,96,0.438,15,34,0.441,27,62,0.435,0.516,18,22,0.818,11,41,52,32,9,7,10,19,41,96,0.427,15,40,0.375,26,56,0.464,0.505,10,14,0.714,10,41,51,25,6,6,15,15,112.7,103.1,94.0,0.229,0.354,0.554,50.5,76.2,8.7,12.5,0.516,8.6,21.2,0.188,0.505,12.8,19.6,0.104
63,63,2024-03-07,,TOR,W,120,113,,44,86,0.512,15,35,0.429,29,51,0.569,0.599,17,20,0.850,10,39,49,29,6,6,16,16,43,94,0.457,16,44,0.364,27,50,0.540,0.543,11,15,0.733,9,27,36,30,5,2,9,20,122.1,114.9,98.3,0.233,0.407,0.633,57.6,65.9,6.1,12.0,0.599,14.4,27.0,0.198,0.543,8.2,18.8,0.117
64,64,2024-03-09,,BOS,L,107,117,,44,87,0.506,9,31,0.290,35,56,0.625,0.557,10,16,0.625,10,31,41,21,6,1,15,14,46,94,0.489,15,39,0.385,31,55,0.564,0.569,10,13,0.769,13,30,43,29,7,4,12,12,110.9,121.3,96.5,0.184,0.356,0.569,48.8,47.7,6.2,1.8,0.557,13.8,25.0,0.115,0.569,10.7,29.5,0.106
65,65,2024-03-11,@,CLE,W,117,111,,46,84,0.548,12,32,0.375,34,52,0.654,0.619,13,19,0.684,12,30,42,23,8,6,14,18,40,84,0.476,15,46,0.326,25,38,0.658,0.565,16,19,0.842,10,27,37,30,9,0,13,18,125.9,119.4,93.0,0.226,0.381,0.633,53.2,50.0,8.6,15.8,0.619,13.2,30.8,0.155,0.565,12.3,25.0,0.190
66,66,2024-03-14,@,BOS,L,112,127,,47,99,0.475,11,31,0.355,36,68,0.529,0.530,7,10,0.700,19,32,51,27,4,3,14,12,47,89,0.528,25,50,0.500,22,39,0.564,0.669,8,11,0.727,6,27,33,31,12,5,10,13,117.7,133.5,95.2,0.101,0.313,0.542,60.7,57.4,4.2,7.7,0.530,11.9,41.3,0.071,0.669,9.6,15.8,0.090
67,67,2024-03-15,@,CHO,W,107,96,,40,87,0.460,11,38,0.289,29,49,0.592,0.523,16,20,0.800,10,47,57,31,3,3,10,20,35,94,0.372,6,37,0.162,29,57,0.509,0.404,20,27,0.741,12,36,48,20,6,3,5,16,112.0,100.5,95.5,0.230,0.437,0.558,54.3,77.5,3.1,5.3,0.523,9.5,21.7,0.184,0.404,4.5,20.3,0.213
68,68,2024-03-17,@,MIL,L,129,140,,51,87,0.586,14,33,0.424,37,54,0.685,0.667,13,15,0.867,7,32,39,36,7,5,14,16,51,94,0.543,24,41,0.585,27,53,0.509,0.670,14,14,1.000,10,25,35,35,11,2,11,12,130.2,141.3,99.1,0.172,0.379,0.689,52.7,70.6,7.1,9.4,0.667,13.0,21.9,0.149,0.670,9.9,23.8,0.149
69,69,2024-03-20,,PHI,W,115,102,,45,90,0.500,19,39,0.487,26,51,0.510,0.606,6,8,0.750,14,41,55,34,7,12,23,18,41,95,0.432,13,37,0.351,28,58,0.483,0.500,7,18,0.389,13,27,40,33,12,7,11,12,115.5,102.5,99.5,0.089,0.433,0.615,57.9,75.6,7.0,20.7,0.606,19.7,34.1,0.067,0.500,9.7,24.1,0.074
70,70,2024-03-21,,ATL,W,128,115,,41,74,0.554,22,41,0.537,19,33,0.576,0.703,24,27,0.889,7,31,38,28,4,11,17,19,40,91,0.440,12,35,0.343,28,56,0.500,0.505,23,29,0.793,12,24,36,27,11,3,11,23,133.2,119.7,96.1,0.365,0.554,0.745,51.4,68.3,4.2,19.6,0.703,16.5,22.6,0.324,0.505,9.6,27.9,0.253
71,71,2024-03-23,@,SAS,W,131,106,,56,94,0.596,11,24,0.458,45,70,0.643,0.654,8,10,0.800,7,32,39,38,11,5,10,18,40,85,0.471,9,33,0.273,31,52,0.596,0.524,17,21,0.810,8,26,34,27,6,6,15,9,132.2,107.0,99.1,0.106,0.255,0.666,53.4,67.9,11.1,9.6,0.654,9.2,21.2,0.085,0.524,13.7,20.0,0.200
72,72,2024-03-25,@,SAS,L,102,104,,42,83,0.506,10,28,0.357,32,55,0.582,0.566,8,14,0.571,5,42,47,28,5,7,15,14,40,91,0.440,8,31,0.258,32,60,0.533,0.484,16,19,0.842,5,35,40,23,10,1,7,15,103.1,105.1,99.0,0.169,0.337,0.572,54.0,66.7,5.1,11.7,0.566,14.4,12.5,0.096,0.484,6.6,10.6,0.176
73,73,2024-03-27,@,DEN,W,104,97,,39,83,0.470,16,33,0.485,23,50,0.460,0.566,10,11,0.909,12,39,51,29,3,7,17,13,38,88,0.432,10,40,0.250,28,48,0.583,0.489,11,12,0.917,9,29,38,24,9,4,8,13,114.7,107.0,90.7,0.133,0.398,0.592,57.3,74.4,3.3,14.6,0.566,16.2,29.3,0.120,0.489,7.9,18.8,0.125
74,74,2024-03-29,@,OKC,L,103,128,,39,87,0.448,13,41,0.317,26,46,0.565,0.523,12,15,0.800,13,26,39,26,6,6,14,15,49,87,0.563,16,30,0.533,33,57,0.579,0.655,14,14,1.000,7,31,38,33,7,7,11,13,110.3,137.0,93.4,0.172,0.471,0.550,50.6,66.7,6.4,10.5,0.523,13.0,29.5,0.138,0.655,10.6,21.2,0.161
75,75,2024-04-01,@,NOP,W,124,111,,43,87,0.494,18,47,0.383,25,40,0.625,0.598,20,25,0.800,16,33,49,29,7,6,14,21,42,89,0.472,11,27,0.407,31,62,0.500,0.534,16,24,0.667,12,25,37,29,10,1,9,17,132.8,118.8,93.4,0.287,0.540,0.633,57.0,67.4,7.5,9.7,0.598,12.5,39.0,0.230,0.534,8.3,26.7,0.180
76,76,2024-04-03,,CLE,W,122,101,,44,87,0.506,18,33,0.545,26,54,0.481,0.609,16,17,0.941,8,35,43,32,11,2,16,17,39,83,0.470,7,26,0.269,32,57,0.561,0.512,16,19,0.842,7,30,37,28,9,4,15,14,123.3,102.1,98.9,0.195,0.379,0.646,53.8,72.7,11.1,3.5,0.609,14.5,21.1,0.184,0.512,14.1,16.7,0.193
77,77,2024-04-05,,MIN,W,97,87,,33,76,0.434,9,26,0.346,24,50,0.480,0.493,22,29,0.759,7,42,49,29,12,3,18,19,33,85,0.388,10,29,0.345,23,56,0.411,0.447,11,14,0.786,8,36,44,23,9,6,19,20,97.6,87.5,99.4,0.382,0.342,0.546,52.7,87.9,12.1,5.4,0.493,16.9,16.3,0.289,0.447,17.2,16.0,0.129
78,78,2024-04-07,,NOP,L,105,113,,39,87,0.448,14,39,0.359,25,48,0.521,0.529,13,14,0.929,9,29,38,30,7,8,16,17,40,85,0.471,16,39,0.410,24,46,0.522,0.565,17,19,0.895,8,34,42,26,8,7,14,17,108.2,116.5,97.0,0.161,0.448,0.564,47.5,76.9,7.2,17.4,0.529,14.7,20.9,0.149,0.565,13.0,21.6,0.200
79,79,2024-04-09,,LAC,L,92,105,,30,89,0.337,8,35,0.229,22,54,0.407,0.382,24,28,0.857,8,30,38,17,16,7,8,13,41,87,0.471,12,26,0.462,29,61,0.475,0.540,11,11,1.000,10,53,63,28,5,3,21,22,92.0,105.0,100.0,0.315,0.393,0.454,37.6,56.7,16.0,11.5,0.382,7.3,13.1,0.270,0.540,18.6,25.0,0.126
80,80,2024-04-10,@,LAC,W,124,108,,46,95,0.484,18,50,0.360,28,45,0.622,0.579,14,15,0.933,9,39,48,29,8,6,13,13,44,95,0.463,12,36,0.333,32,59,0.542,0.526,8,10,0.800,9,35,44,23,9,3,13,13,120.9,105.3,102.5,0.158,0.526,0.610,52.2,63.0,7.8,10.2,0.579,11.3,20.5,0.147,0.526,11.6,18.8,0.084
81,81,2024-04-12,@,SAC,W,108,107,,40,76,0.526,12,32,0.375,28,44,0.636,0.605,16,17,0.941,6,35,41,25,4,4,19,16,40,91,0.440,14,38,0.368,26,53,0.491,0.516,13,14,0.929,9,26,35,26,12,1,7,19,115.5,114.4,93.5,0.224,0.421,0.647,53.9,62.5,4.3,7.5,0.605,18.5,18.8,0.211,0.516,6.7,20.5,0.143
82,82,2024-04-14,@,MIN,W,125,106,,47,86,0.547,16,29,0.552,31,57,0.544,0.640,15,18,0.833,13,19,32,28,13,3,13,24,36,70,0.514,9,26,0.346,27,44,0.614,0.579,25,31,0.806,12,24,36,22,7,5,24,20,115.5,114.4,93.5,0.224,0.421,0.647,53.9,62.5,4.3,7.5,0.605,18.5,18.8,0.211,0.516,6.7,20.5,0.143
1,1,2024-10-23,@,LAC,W,116,113,OT,38,78,0.487,15,38,0.395,23,40,0.575,0.583,25,34,0.735,4,38,42,25,12,9,22,23,42,92,0.457,8,29,0.276,34,63,0.540,0.500,21,30,0.700,13,38,51,27,9,1,22,29,104.6,101.9,100.5,0.436,0.487,0.624,45.2,65.8,10.8,14.3,0.583,19.1,9.5,0.321,0.500,17.3,25.5,0.228
2,2,2024-10-25,@,LAL,L,116,123,,42,82,0.512,17,37,0.459,25,45,0.556,0.616,15,17,0.882,5,29,34,35,8,4,17,26,40,75,0.533,14,27,0.519,26,48,0.542,0.627,29,39,0.744,6,31,37,33,10,5,13,18,117.7,124.9,98.5,0.207,0.451,0.648,47.9,83.3,8.1,8.3,0.616,16.0,13.9,0.183,0.627,12.4,17.1,0.387
3,3,2024-10-26,,DAL,W,114,102,,36,80,0.450,14,39,0.359,22,41,0.537,0.538,28,37,0.757,7,40,47,26,3,4,11,17,37,93,0.398,13,41,0.317,24,52,0.462,0.468,15,18,0.833,12,34,46,22,6,2,9,28,118.1,105.6,96.6,0.463,0.488,0.592,50.5,72.2,3.1,7.7,0.538,10.3,17.1,0.350,0.468,8.2,23.1,0.161
4,4,2024-10-28,,LAL,W,109,105,,40,87,0.460,11,36,0.306,29,51,0.569,0.523,18,20,0.900,9,37,46,21,7,11,11,22,39,94,0.415,14,32,0.438,25,62,0.403,0.489,13,18,0.722,11,35,46,25,5,6,12,19,111.6,107.5,97.7,0.230,0.414,0.569,50.0,52.5,7.2,17.7,0.523,10.3,20.5,0.207,0.489,10.5,22.9,0.138
5,5,2024-10-31,@,LAC,W,125,119,,42,82,0.512,18,39,0.462,24,43,0.558,0.622,23,28,0.821,8,31,39,29,12,4,12,20,45,93,0.484,12,35,0.343,33,58,0.569,0.548,17,21,0.810,15,33,48,27,8,8,14,22,127.9,121.7,97.8,0.341,0.476,0.663,44.8,69.0,12.3,6.9,0.622,11.3,19.5,0.280,0.548,12.0,32.6,0.183
6,6,2024-11-02,,POR,W,103,97,,35,93,0.376,17,52,0.327,18,41,0.439,0.468,16,22,0.727,13,50,63,29,4,8,14,10,37,111,0.333,14,43,0.326,23,68,0.338,0.396,9,11,0.818,14,42,56,17,10,5,6,18,100.4,94.5,102.6,0.237,0.559,0.502,52.9,82.9,3.9,11.8,0.468,12.0,23.6,0.172,0.396,4.9,21.9,0.081
7,7,2024-11-04,,PHI,W,118,116,,42,82,0.512,11,32,0.344,31,50,0.620,0.579,23,26,0.885,9,34,43,24,6,4,14,16,40,87,0.460,20,51,0.392,20,36,0.556,0.575,16,18,0.889,9,29,38,27,10,4,15,22,121.1,119.0,97.5,0.317,0.390,0.631,53.1,57.1,6.2,11.1,0.579,13.0,23.7,0.280,0.575,13.6,20.9,0.184
8,8,2024-11-06,,MIA,W,115,112,,42,84,0.500,18,43,0.419,24,41,0.585,0.607,13,18,0.722,10,36,46,29,5,6,16,14,40,92,0.435,13,34,0.382,27,58,0.466,0.505,19,20,0.950,13,30,43,27,12,3,10,16,120.3,117.2,95.6,0.214,0.512,0.626,51.7,69.0,5.2,10.3,0.607,14.8,25.0,0.155,0.505,9.0,26.5,0.207
9,9,2024-11-08,@,DAL,W,114,113,,43,86,0.500,15,39,0.385,28,47,0.596,0.587,13,18,0.722,11,26,37,26,6,2,9,18,41,80,0.513,11,33,0.333,30,47,0.638,0.581,20,22,0.909,8,31,39,18,5,1,11,22,126.6,125.5,90.1,0.209,0.453,0.607,48.7,60.5,6.7,4.3,0.587,8.7,26.2,0.151,0.581,10.9,23.5,0.250
10,10,2024-11-10,,SAC,L,118,127,OT,44,105,0.419,18,57,0.316,26,48,0.542,0.505,12,15,0.800,8,40,48,30,11,3,12,19,50,102,0.490,11,37,0.297,39,65,0.600,0.544,16,19,0.842,8,49,57,23,7,3,15,20,103.0,110.8,103.8,0.143,0.543,0.529,45.7,68.2,9.6,4.6,0.505,9.7,14.0,0.114,0.544,12.0,16.7,0.157
11,11,2024-11-12,@,UTA,W,120,112,,43,86,0.500,18,39,0.462,25,47,0.532,0.605,16,22,0.727,10,32,42,21,6,11,10,11,45,92,0.489,15,38,0.395,30,54,0.556,0.571,7,9,0.778,12,27,39,32,7,3,13,17,128.2,119.6,93.6,0.256,0.453,0.627,51.9,48.8,6.4,20.4,0.605,9.5,27.0,0.186,0.571,11.9,27.3,0.076
12,12,2024-11-13,@,SAC,L,104,127,,36,97,0.371,13,43,0.302,23,54,0.426,0.438,19,26,0.731,19,21,40,23,12,2,10,12,50,78,0.641,15,28,0.536,35,50,0.700,0.737,12,17,0.706,6,39,45,38,7,8,17,20,108.8,132.9,95.6,0.268,0.443,0.480,47.1,63.9,12.6,4.0,0.438,8.4,32.8,0.196,0.737,16.6,22.2,0.154
13,13,2024-11-15,@,OKC,L,83,99,,22,75,0.293,9,37,0.243,13,38,0.342,0.353,30,40,0.750,11,39,50,17,6,4,17,20,36,91,0.396,10,40,0.250,26,51,0.510,0.451,17,18,0.944,13,40,53,21,6,11,11,26,87.3,104.1,95.1,0.533,0.493,0.448,48.5,77.3,6.3,7.8,0.353,15.5,21.6,0.400,0.451,10.0,25.0,0.187
14,14,2024-11-17,@,MIN,L,117,120,,46,85,0.541,14,31,0.452,32,54,0.593,0.624,11,15,0.733,12,29,41,29,9,2,21,26,42,80,0.525,17,39,0.436,25,41,0.610,0.631,19,26,0.731,9,23,32,27,8,6,14,13,121.6,124.7,96.2,0.176,0.365,0.639,56.2,63.0,9.4,4.9,0.624,18.7,34.3,0.129,0.631,13.3,23.7,0.238
15,15,2024-11-18,,ORL,L,99,109,,35,83,0.422,12,41,0.293,23,42,0.548,0.494,17,25,0.680,16,29,45,25,5,2,13,21,39,76,0.513,11,29,0.379,28,47,0.596,0.586,20,25,0.800,8,30,38,28,5,7,11,19,112.1,123.5,88.3,0.301,0.494,0.527,54.2,71.4,5.7,4.3,0.494,12.1,34.8,0.205,0.586,11.2,21.6,0.263
16,16,2024-11-20,,NYK,L,122,138,,45,92,0.489,19,50,0.380,26,42,0.619,0.592,13,17,0.765,11,23,34,30,9,2,14,16,50,86,0.581,19,39,0.487,31,47,0.660,0.692,19,21,0.905,10,31,41,30,10,0,15,15,123.6,139.8,98.7,0.185,0.543,0.613,45.3,66.7,9.1,4.3,0.592,12.3,26.2,0.141,0.692,13.6,30.3,0.221
17,17,2024-11-26,,LAL,W,127,100,,51,99,0.515,17,42,0.405,34,57,0.596,0.601,8,10,0.800,8,38,46,31,9,3,9,18,37,85,0.435,8,34,0.235,29,51,0.569,0.482,18,25,0.720,7,35,42,25,7,6,12,11,126.1,99.3,100.7,0.101,0.424,0.614,52.3,60.8,8.9,5.9,0.601,8.0,18.6,0.081,0.482,11.1,15.6,0.212
18,18,2024-11-27,,BRK,L,117,127,,41,77,0.532,12,31,0.387,29,46,0.630,0.610,23,28,0.821,3,34,37,25,7,5,17,26,44,87,0.506,18,42,0.429,26,45,0.578,0.609,21,22,0.955,7,29,36,32,8,1,13,24,115.5,125.4,101.3,0.364,0.403,0.655,50.7,61.0,6.9,11.1,0.610,16.0,9.4,0.299,0.609,11.9,17.1,0.241
19,19,2024-11-30,,GSW,W,113,105,,38,79,0.481,18,35,0.514,20,44,0.455,0.595,19,22,0.864,6,39,45,31,4,9,14,13,38,92,0.413,14,40,0.350,24,52,0.462,0.489,15,18,0.833,9,34,43,28,8,5,9,17,117.4,109.0,96.3,0.278,0.443,0.637,51.1,81.6,4.2,17.3,0.595,13.6,15.0,0.241,0.489,8.3,18.8,0.163
20,20,2024-12-03,,SAS,W,104,93,,38,78,0.487,11,32,0.344,27,46,0.587,0.558,17,21,0.810,2,42,44,26,10,5,14,16,35,100,0.350,8,44,0.182,27,56,0.482,0.390,15,20,0.750,18,35,53,26,9,2,14,17,104.4,93.4,99.6,0.269,0.410,0.596,45.4,68.4,10.0,8.9,0.558,13.8,5.4,0.218,0.390,11.4,30.0,0.150
21,21,2024-12-05,@,NOP,L,124,126,,43,85,0.506,17,45,0.378,26,40,0.650,0.606,21,26,0.808,10,36,46,32,10,3,17,15,47,95,0.495,14,36,0.389,33,59,0.559,0.568,18,25,0.720,12,32,44,23,13,4,13,24,119.9,121.8,103.4,0.306,0.529,0.643,51.1,74.4,9.7,5.1,0.606,15.0,23.8,0.247,0.568,10.9,25.0,0.189
22,22,2024-12-07,@,MIA,L,111,121,,36,82,0.439,16,41,0.390,20,41,0.488,0.537,23,25,0.920,13,28,41,29,8,3,14,20,45,86,0.523,13,32,0.406,32,54,0.593,0.599,18,23,0.783,11,30,41,30,9,4,12,20,119.4,130.1,93.0,0.305,0.500,0.597,50.0,80.6,8.6,5.6,0.537,13.1,30.2,0.280,0.599,11.1,28.2,0.209
23,23,2024-12-08,@,ORL,L,110,115,,39,83,0.470,13,28,0.464,26,55,0.473,0.548,19,22,0.864,9,30,39,24,7,6,21,24,42,88,0.477,12,36,0.333,30,52,0.577,0.545,19,30,0.633,14,30,44,17,11,6,13,19,110.4,115.4,99.6,0.265,0.337,0.593,47.0,61.5,7.0,11.5,0.548,18.5,23.1,0.229,0.545,11.4,31.8,0.216
24,24,2024-12-13,@,UTA,W,134,126,,47,89,0.528,22,45,0.489,25,44,0.568,0.652,18,20,0.900,9,28,37,36,10,7,8,18,43,77,0.558,22,39,0.564,21,38,0.553,0.701,18,22,0.818,6,28,34,30,5,6,15,17,142.2,133.7,94.2,0.225,0.506,0.685,52.1,76.6,10.6,18.4,0.652,7.6,24.3,0.202,0.701,14.8,17.6,0.234
25,25,2024-12-15,,POR,W,116,109,,43,89,0.483,15,39,0.385,28,50,0.560,0.567,15,19,0.789,12,34,46,23,7,2,11,13,42,94,0.447,15,49,0.306,27,45,0.600,0.527,10,13,0.769,12,36,48,30,6,4,13,22,120.2,113.0,96.5,0.213,0.438,0.596,48.9,53.5,7.3,4.4,0.567,10.2,25.0,0.169,0.527,11.5,26.1,0.106
26,26,2024-12-19,,IND,L,111,120,,40,82,0.488,9,30,0.300,31,52,0.596,0.543,22,28,0.786,7,37,44,28,6,4,16,20,39,89,0.438,16,41,0.390,23,48,0.479,0.528,26,31,0.839,9,38,47,30,9,7,9,21,109.8,118.7,101.1,0.341,0.366,0.588,48.4,70.0,5.9,8.3,0.543,14.5,15.6,0.268,0.528,8.1,19.6,0.292
27,27,2024-12-21,,DET,L,125,133,,45,78,0.577,14,29,0.483,31,49,0.633,0.667,21,23,0.913,6,29,35,30,9,1,19,21,49,89,0.551,19,39,0.487,30,50,0.600,0.657,16,22,0.727,10,25,35,31,13,4,13,19,125.5,133.5,99.6,0.295,0.372,0.709,50.0,66.7,9.0,2.0,0.667,17.7,19.4,0.269,0.657,11.6,25.6,0.180
28,28,2024-12-23,@,DEN,L,90,117,,33,83,0.398,13,33,0.394,20,50,0.400,0.476,11,15,0.733,9,30,39,23,6,5,15,13,46,90,0.511,16,41,0.390,30,49,0.612,0.600,9,11,0.818,11,35,46,35,6,4,12,15,96.3,125.3,93.4,0.181,0.398,0.502,45.9,69.7,6.4,10.2,0.476,14.3,20.5,0.133,0.600,11.2,26.8,0.100
29,29,2024-12-25,,DEN,W,110,100,,41,88,0.466,11,36,0.306,30,52,0.577,0.528,17,20,0.850,12,30,42,31,12,4,9,17,36,78,0.462,8,29,0.276,28,49,0.571,0.513,20,28,0.714,14,32,46,20,3,2,16,16,120.8,109.8,91.1,0.227,0.409,0.568,47.7,75.6,13.2,8.2,0.528,8.5,27.3,0.193,0.513,15.0,31.8,0.256
30,30,2024-12-27,,DAL,L,89,98,,32,83,0.386,13,35,0.371,19,48,0.396,0.464,12,18,0.667,12,30,42,23,11,7,16,17,35,80,0.438,12,34,0.353,23,46,0.500,0.513,16,17,0.941,7,34,41,24,6,5,15,15,96.4,106.1,92.3,0.217,0.422,0.489,50.6,71.9,11.9,15.2,0.464,15.0,26.1,0.145,0.513,14.6,18.9,0.200
31,31,2024-12-28,@,GSW,L,105,109,,39,92,0.424,9,35,0.257,30,57,0.526,0.473,18,22,0.818,14,32,46,21,7,12,14,13,41,98,0.418,12,45,0.267,29,53,0.547,0.480,15,19,0.789,18,31,49,26,8,7,12,17,108.9,113.1,96.4,0.239,0.380,0.516,48.4,53.8,7.3,22.6,0.473,12.1,31.1,0.196,0.480,10.1,36.0,0.153
32,32,2024-12-31,,MEM,L,112,117,,42,92,0.457,9,30,0.300,33,62,0.532,0.505,19,25,0.760,10,33,43,28,9,10,17,25,40,94,0.426,15,44,0.341,25,50,0.500,0.505,22,33,0.667,16,35,51,27,10,6,17,29,105.4,110.1,106.2,0.272,0.326,0.544,45.7,66.7,8.5,20.0,0.505,14.2,22.2,0.207,0.505,13.5,32.7,0.234
33,33,2025-01-04,@,IND,L,108,126,,38,78,0.487,12,30,0.400,26,48,0.542,0.564,20,21,0.952,5,31,36,30,3,7,13,14,46,96,0.479,15,40,0.375,31,56,0.554,0.557,19,21,0.905,13,34,47,35,7,4,8,16,113.4,132.3,95.3,0.269,0.385,0.619,43.4,78.9,3.1,12.5,0.564,13.0,12.8,0.256,0.557,7.1,29.5,0.198
34,34,2025-01-06,@,PHI,W,109,99,,41,81,0.506,14,31,0.452,27,50,0.540,0.593,13,19,0.684,4,40,44,32,7,4,12,18,34,87,0.391,15,40,0.375,19,47,0.404,0.477,16,26,0.615,12,34,46,20,6,4,10,19,114.5,104.0,95.2,0.235,0.383,0.610,48.9,78.0,7.4,8.5,0.593,11.8,10.5,0.160,0.477,9.2,23.1,0.184
35,35,2025-01-07,@,CHO,L,104,115,,39,92,0.424,8,33,0.242,31,59,0.525,0.467,18,19,0.947,8,34,42,27,3,4,11,23,38,98,0.388,13,47,0.277,25,51,0.490,0.454,26,29,0.897,20,39,59,23,9,5,14,19,103.6,114.6,100.4,0.207,0.359,0.518,41.6,69.2,3.0,7.8,0.467,9.9,17.0,0.196,0.454,11.2,37.0,0.265
36,36,2025-01-09,,ATL,W,123,115,,49,85,0.576,13,33,0.394,36,52,0.692,0.653,12,15,0.800,12,30,42,33,7,6,16,15,42,86,0.488,15,32,0.469,27,54,0.500,0.576,16,17,0.941,8,24,32,32,11,3,11,19,130.8,122.3,94.0,0.176,0.388,0.671,56.8,67.3,7.4,11.1,0.653,14.9,33.3,0.141,0.576,10.5,21.1,0.186
37,37,2025-01-11,,UTA,W,114,106,,44,86,0.512,13,37,0.351,31,49,0.633,0.587,13,19,0.684,12,26,38,26,9,4,11,17,42,96,0.438,9,42,0.214,33,54,0.611,0.484,13,18,0.722,21,29,50,26,6,2,13,18,125.4,116.6,90.9,0.221,0.430,0.604,43.2,59.1,9.9,7.4,0.587,10.4,29.3,0.151,0.484,11.1,44.7,0.135
38,38,2025-01-12,,CHO,W,120,113,,42,87,0.483,17,41,0.415,25,46,0.543,0.580,19,22,0.864,8,31,39,31,9,6,12,17,41,92,0.446,15,40,0.375,26,52,0.500,0.527,16,20,0.800,15,37,52,30,10,2,16,20,121.6,114.5,98.7,0.253,0.471,0.621,42.9,73.8,9.1,11.5,0.580,11.0,17.8,0.218,0.527,13.7,32.6,0.174
39,39,2025-01-14,@,ATL,L,117,122,,43,84,0.512,13,35,0.371,30,49,0.612,0.589,18,27,0.667,6,31,37,28,10,4,13,17,43,98,0.439,17,41,0.415,26,57,0.456,0.526,19,26,0.731,20,34,54,22,10,3,14,21,116.7,121.7,100.3,0.321,0.417,0.610,40.7,65.1,10.0,7.0,0.589,11.9,15.0,0.214,0.526,11.3,39.2,0.194
40,40,2025-01-16,@,WAS,W,130,123,,44,85,0.518,16,33,0.485,28,52,0.538,0.612,26,31,0.839,10,37,47,33,10,4,16,23,46,92,0.500,13,41,0.317,33,51,0.647,0.571,18,27,0.667,12,33,45,28,13,4,13,22,125.6,118.9,103.5,0.365,0.388,0.659,51.1,75.0,9.7,7.8,0.612,14.0,23.3,0.306,0.571,11.1,24.5,0.196
41,41,2025-01-18,@,DET,W,125,121,,43,86,0.500,7,25,0.280,36,61,0.590,0.541,32,40,0.800,13,37,50,25,6,3,10,24,44,94,0.468,9,33,0.273,35,61,0.574,0.516,24,36,0.667,15,28,43,22,5,3,9,27,125.4,121.4,99.7,0.465,0.291,0.603,53.8,58.1,6.0,4.9,0.541,8.8,31.7,0.372,0.516,7.6,28.8,0.255
42,42,2025-01-20,@,CLE,L,92,118,,36,77,0.468,10,26,0.385,26,51,0.510,0.532,10,13,0.769,1,33,34,22,3,5,17,20,41,95,0.432,19,46,0.413,22,49,0.449,0.532,17,23,0.739,15,35,50,27,10,1,9,18,95.3,122.2,96.6,0.169,0.338,0.556,40.5,61.1,3.1,10.2,0.532,17.0,2.8,0.130,0.532,7.9,31.3,0.179
43,43,2025-01-22,@,BRK,W,108,84,,42,88,0.477,14,41,0.341,28,47,0.596,0.557,10,13,0.769,11,37,48,28,9,1,11,12,34,91,0.374,7,36,0.194,27,55,0.491,0.412,9,14,0.643,20,32,52,16,8,1,17,11,117.5,91.4,91.9,0.148,0.466,0.576,48.0,66.7,9.8,1.8,0.557,10.5,25.6,0.114,0.412,14.9,35.1,0.099
44,44,2025-01-25,,WAS,W,119,109,,40,90,0.444,13,40,0.325,27,50,0.540,0.517,26,28,0.929,12,41,53,23,4,4,11,11,42,90,0.467,18,41,0.439,24,49,0.490,0.567,7,9,0.778,5,32,37,28,8,5,8,17,122.9,112.6,96.8,0.311,0.444,0.582,58.9,57.5,4.1,8.2,0.517,9.7,27.3,0.289,0.567,7.8,10.9,0.078
45,45,2025-01-27,,LAC,W,111,109,,40,85,0.471,22,47,0.468,18,38,0.474,0.600,9,11,0.818,11,28,39,23,10,5,17,17,41,83,0.494,10,32,0.313,31,51,0.608,0.554,17,20,0.850,10,32,42,22,12,5,15,15,117.9,115.8,94.1,0.129,0.553,0.618,48.1,57.5,10.6,9.8,0.600,15.9,25.6,0.106,0.554,14.0,26.3,0.205
46,46,2025-01-29,,MIN,L,113,121,,43,85,0.506,12,32,0.375,31,53,0.585,0.576,15,20,0.750,10,26,36,30,7,6,16,25,42,75,0.560,13,29,0.448,29,46,0.630,0.647,24,27,0.889,4,30,34,26,8,6,16,19,116.0,124.2,97.4,0.235,0.376,0.602,51.4,69.8,7.2,13.0,0.576,14.6,25.0,0.176,0.647,15.6,13.3,0.320
47,47,2025-01-31,@,GSW,W,130,105,,50,89,0.562,19,39,0.487,31,50,0.620,0.669,11,16,0.688,4,44,48,41,7,7,15,20,36,96,0.375,16,44,0.364,20,52,0.385,0.458,17,25,0.680,14,35,49,26,11,6,12,19,124.6,100.7,104.3,0.180,0.438,0.677,49.5,82.0,6.7,13.5,0.669,13.5,10.3,0.124,0.458,10.1,24.1,0.177
48,48,2025-02-01,@,POR,L,108,127,,38,84,0.452,10,33,0.303,28,51,0.549,0.512,22,26,0.846,11,26,37,21,5,2,19,21,46,89,0.517,9,31,0.290,37,58,0.638,0.567,26,31,0.839,10,33,43,24,11,5,10,20,108.2,127.2,99.9,0.310,0.393,0.566,46.3,55.3,5.0,3.4,0.512,16.6,25.0,0.262,0.567,8.9,27.8,0.292
49,49,2025-02-03,@,POR,L,119,121,OT,40,85,0.471,15,42,0.357,25,43,0.581,0.559,24,28,0.857,10,33,43,28,12,5,15,21,40,89,0.449,16,40,0.400,24,49,0.490,0.539,25,30,0.833,14,34,48,30,6,2,13,21,119.8,121.8,89.9,0.329,0.494,0.611,47.3,70.0,12.1,10.2,0.559,13.4,22.7,0.282,0.539,11.3,29.8,0.281
50,50,2025-02-05,@,OKC,L,109,140,,33,70,0.471,14,36,0.389,19,34,0.559,0.571,29,33,0.879,3,32,35,24,3,2,22,17,52,102,0.510,12,42,0.286,40,60,0.667,0.569,24,27,0.889,17,29,46,24,15,4,6,23,108.1,138.8,100.9,0.471,0.514,0.645,43.2,72.7,3.0,3.3,0.571,20.7,9.4,0.414,0.569,5.0,34.7,0.235
51,51,2025-02-07,,UTA,W,135,127,OT,47,104,0.452,22,56,0.393,25,48,0.521,0.558,19,21,0.905,12,37,49,31,6,15,8,17,48,117,0.410,13,48,0.271,35,69,0.507,0.466,18,20,0.900,25,38,63,29,5,7,12,16,126.8,119.3,96.4,0.202,0.538,0.596,43.8,66.0,5.6,21.7,0.558,6.6,24.0,0.183,0.466,8.7,40.3,0.154
52,52,2025-02-08,,DEN,L,105,122,,38,98,0.388,17,50,0.340,21,48,0.438,0.474,12,15,0.800,17,26,43,25,5,6,6,15,45,92,0.489,16,35,0.457,29,57,0.509,0.576,16,17,0.941,15,41,56,28,5,4,10,13,115.6,134.4,90.8,0.153,0.510,0.502,43.4,65.8,5.5,10.5,0.474,5.4,29.3,0.122,0.576,9.1,36.6,0.174
53,53,2025-02-11,,MEM,L,112,119,,41,92,0.446,12,44,0.273,29,48,0.604,0.511,18,22,0.818,7,35,42,35,8,9,12,17,43,100,0.430,12,39,0.308,31,61,0.508,0.490,21,27,0.778,20,40,60,22,8,3,13,22,108.6,115.4,103.1,0.239,0.478,0.551,41.2,85.4,7.8,14.8,0.511,10.6,14.9,0.196,0.490,10.4,36.4,0.210
54,54,2025-02-12,@,HOU,L,111,119,,46,89,0.517,10,26,0.385,36,63,0.571,0.573,9,11,0.818,11,32,43,25,7,5,18,19,46,97,0.474,13,42,0.310,33,55,0.600,0.541,14,24,0.583,17,30,47,32,10,4,11,15,112.3,120.4,98.9,0.124,0.292,0.591,47.8,54.3,7.1,9.1,0.573,16.1,26.8,0.101,0.541,9.3,34.7,0.144
55,55,2025-02-20,@,SAS,L,109,120,,38,81,0.469,16,44,0.364,22,37,0.595,0.568,17,20,0.850,5,34,39,28,6,4,18,21,44,93,0.473,15,41,0.366,29,52,0.558,0.554,17,22,0.773,6,38,44,30,13,3,11,20,105.5,116.2,103.3,0.247,0.543,0.607,47.0,73.7,5.8,7.7,0.568,16.7,11.6,0.210,0.554,9.7,15.0,0.183
56,56,2025-02-22,@,CHI,W,121,117,,43,89,0.483,10,30,0.333,33,59,0.559,0.539,25,28,0.893,8,41,49,29,7,3,11,11,41,98,0.418,18,53,0.340,23,45,0.511,0.510,17,17,1.000,11,34,45,29,9,4,9,21,119.4,115.4,101.4,0.315,0.337,0.597,52.1,67.4,6.9,6.7,0.539,9.8,19.0,0.281,0.510,7.9,21.2,0.173
57,57,2025-02-23,@,TOR,L,109,127,,43,85,0.506,7,28,0.250,36,57,0.632,0.547,16,22,0.727,4,33,37,22,9,7,12,19,43,88,0.489,20,35,0.571,23,53,0.434,0.602,21,30,0.700,14,35,49,30,6,1,14,23,108.5,126.5,100.4,0.259,0.329,0.576,43.0,51.2,9.0,13.2,0.547,11.2,10.3,0.188,0.602,12.2,29.8,0.239
58,58,2025-02-25,@,MEM,L,148,151,OT,53,99,0.535,21,37,0.568,32,62,0.516,0.641,21,26,0.808,8,38,46,39,6,6,16,25,52,99,0.525,20,48,0.417,32,51,0.627,0.626,27,30,0.900,7,31,38,36,10,4,12,22,128.4,131.0,104.4,0.263,0.374,0.670,54.8,73.6,5.2,11.8,0.641,12.7,20.5,0.212,0.626,9.7,15.6,0.273
59,59,2025-02-27,,NOP,L,116,124,,44,94,0.468,20,53,0.377,24,41,0.585,0.574,8,10,0.800,14,38,52,29,4,6,11,15,50,104,0.481,17,47,0.362,33,57,0.579,0.563,7,12,0.583,16,34,50,25,3,6,6,12,121.4,129.8,95.5,0.106,0.564,0.589,51.0,65.9,4.2,10.5,0.574,10.1,29.2,0.085,0.563,5.2,29.6,0.067
60,60,2025-02-28,,NOP,W,125,108,,47,79,0.595,21,40,0.525,26,39,0.667,0.728,10,13,0.769,5,30,35,35,6,3,17,18,44,87,0.506,11,28,0.393,33,59,0.559,0.569,9,15,0.600,13,22,35,28,10,3,15,13,132.3,114.3,94.5,0.165,0.506,0.738,50.0,74.5,6.4,5.1,0.728,16.7,18.5,0.127,0.569,13.8,30.2,0.103
61,61,2025-03-02,,MIN,L,98,116,,35,80,0.438,13,42,0.310,22,38,0.579,0.519,15,19,0.789,10,47,57,24,2,7,22,16,39,92,0.424,21,52,0.404,18,40,0.450,0.538,17,21,0.810,5,30,35,28,18,2,8,17,97.8,115.7,100.3,0.238,0.525,0.555,62.0,68.6,2.0,17.5,0.519,19.9,25.0,0.188,0.538,7.3,9.6,0.185
62,62,2025-03-04,,LAC,W,119,117,,41,80,0.513,14,34,0.412,27,46,0.587,0.600,23,27,0.852,7,30,37,31,5,3,11,20,43,83,0.518,8,30,0.267,35,53,0.660,0.566,23,27,0.852,7,30,37,29,8,3,7,22,127.5,125.4,93.3,0.338,0.425,0.648,50.0,75.6,5.4,5.7,0.600,10.7,18.9,0.288,0.566,6.9,18.9,0.277
63,63,2025-03-07,@,DEN,L,141,149,OT,51,91,0.560,16,38,0.421,35,53,0.660,0.648,23,29,0.793,7,32,39,36,6,2,13,18,57,97,0.588,21,40,0.525,36,57,0.632,0.696,14,18,0.778,8,30,38,45,8,3,9,22,132.9,140.5,96.1,0.319,0.418,0.679,50.6,70.6,5.7,3.5,0.648,11.1,18.9,0.253,0.696,7.9,20.0,0.144
64,64,2025-03-09,@,DAL,W,125,116,,49,84,0.583,10,28,0.357,39,56,0.696,0.643,17,18,0.944,6,40,46,33,4,4,13,10,43,88,0.489,17,42,0.405,26,46,0.565,0.585,13,16,0.813,5,27,32,29,8,2,7,13,129.2,119.9,96.7,0.214,0.333,0.680,59.0,67.3,4.1,8.7,0.643,12.4,18.2,0.202,0.585,6.9,11.1,0.148
65,65,2025-03-10,@,MEM,L,118,120,,41,90,0.456,20,38,0.526,21,52,0.404,0.567,16,22,0.727,15,31,46,31,6,2,16,22,40,86,0.465,17,46,0.370,23,40,0.575,0.564,23,27,0.852,11,28,39,26,9,7,15,22,120.8,122.8,97.7,0.244,0.422,0.592,54.1,75.6,6.1,5.0,0.567,13.8,34.9,0.178,0.564,13.3,26.2,0.267
66,66,2025-03-12,@,HOU,L,104,111,,39,73,0.534,10,28,0.357,29,45,0.644,0.603,16,20,0.800,5,32,37,22,7,8,17,18,40,88,0.455,12,38,0.316,28,50,0.560,0.523,19,25,0.760,11,27,38,25,11,3,9,19,111.7,119.2,93.1,0.274,0.384,0.636,49.3,56.4,7.5,16.0,0.603,17.2,15.6,0.219,0.523,8.3,25.6,0.216
67,67,2025-03-14,,SAC,W,122,106,,41,79,0.519,24,43,0.558,17,36,0.472,0.671,16,19,0.842,7,27,34,33,12,3,14,15,40,81,0.494,8,32,0.250,32,49,0.653,0.543,18,20,0.900,12,28,40,25,7,1,19,18,130.5,113.4,93.5,0.241,0.544,0.698,45.9,80.5,12.8,6.1,0.671,13.8,20.0,0.203,0.543,17.5,30.8,0.222
68,68,2025-03-16,@,LAL,L,96,107,,35,89,0.393,9,41,0.220,26,48,0.542,0.444,17,21,0.810,14,37,51,25,4,4,14,27,35,81,0.432,14,39,0.359,21,42,0.500,0.519,23,32,0.719,7,33,40,22,7,5,10,20,101.0,112.5,95.1,0.236,0.461,0.489,56.0,71.4,4.2,9.5,0.444,12.5,29.8,0.191,0.519,9.5,15.9,0.284
69,69,2025-03-17,,TOR,W,129,89,,47,92,0.511,20,39,0.513,27,53,0.509,0.620,15,15,1.000,12,42,54,34,7,4,10,21,31,87,0.356,10,35,0.286,21,52,0.404,0.414,17,23,0.739,12,28,40,20,4,2,12,15,136.9,94.5,94.2,0.163,0.424,0.654,57.4,72.3,7.4,7.7,0.620,9.2,30.0,0.163,0.414,11.0,22.2,0.195
70,70,2025-03-19,,CHI,W,127,121,,47,96,0.490,15,40,0.375,32,56,0.571,0.568,18,20,0.900,13,33,46,34,9,6,11,13,49,90,0.544,15,38,0.395,34,52,0.654,0.628,8,12,0.667,8,32,40,29,7,8,13,19,127.6,121.6,99.5,0.208,0.417,0.606,53.5,72.3,9.0,11.5,0.568,9.5,28.9,0.188,0.628,12.0,19.5,0.089
71,71,2025-03-21,,CLE,W,123,112,,48,92,0.522,19,42,0.452,29,50,0.580,0.625,8,8,1.000,12,34,46,33,6,3,15,16,42,94,0.447,17,45,0.378,25,49,0.510,0.537,11,14,0.786,16,28,44,24,11,5,11,12,130.2,118.6,94.4,0.087,0.457,0.644,51.1,68.8,6.4,6.1,0.625,13.6,30.0,0.087,0.537,9.9,32.0,0.117
72,72,2025-03-24,,MIL,W,108,106,,39,82,0.476,14,36,0.389,25,46,0.543,0.561,16,18,0.889,14,38,52,25,2,4,16,21,37,83,0.446,12,39,0.308,25,44,0.568,0.518,20,29,0.690,9,27,36,24,12,0,7,16,118.9,116.7,90.8,0.220,0.439,0.601,59.1,64.1,2.2,9.1,0.561,15.1,34.1,0.195,0.518,6.8,19.1,0.241
73,73,2025-03-26,,BOS,L,102,132,,36,87,0.414,13,41,0.317,23,46,0.500,0.489,17,21,0.810,11,27,38,22,7,3,14,18,45,89,0.506,22,52,0.423,23,37,0.622,0.629,20,22,0.909,11,37,48,33,8,7,11,18,106.2,137.5,96.0,0.241,0.471,0.530,44.2,61.1,7.3,8.1,0.489,12.7,22.9,0.195,0.629,10.0,28.9,0.225
74,74,2025-03-28,@,MIN,L,109,124,,41,79,0.519,18,37,0.486,23,42,0.548,0.633,9,13,0.692,8,26,34,28,6,4,16,16,47,89,0.528,19,39,0.487,28,50,0.560,0.635,11,13,0.846,12,31,43,31,12,4,13,18,117.9,134.1,92.4,0.165,0.468,0.643,44.2,68.3,6.5,8.0,0.633,15.9,20.5,0.114,0.635,12.1,31.6,0.124
75,75,2025-03-30,,HOU,L,109,148,,42,87,0.483,10,32,0.313,32,55,0.582,0.540,15,17,0.882,10,29,39,25,8,5,19,21,56,98,0.571,18,31,0.581,38,67,0.567,0.663,18,25,0.720,13,32,45,37,14,4,10,15,106.1,144.1,102.7,0.195,0.368,0.577,46.4,59.5,7.8,7.5,0.540,16.7,23.8,0.172,0.663,8.4,31.0,0.184
76,76,2025-04-01,@,MIL,L,123,133,,44,92,0.478,18,45,0.400,26,47,0.553,0.576,17,21,0.810,15,18,33,26,6,0,14,19,51,74,0.689,17,29,0.586,34,45,0.756,0.804,14,15,0.933,3,26,29,32,6,5,20,22,128.1,138.5,96.0,0.228,0.489,0.607,53.2,59.1,6.2,0.0,0.576,12.1,36.6,0.185,0.804,19.9,14.3,0.189
77,77,2025-04-04,@,BOS,L,103,123,,41,93,0.441,12,37,0.324,29,56,0.518,0.505,9,11,0.818,11,29,40,24,7,2,8,15,45,87,0.517,14,39,0.359,31,48,0.646,0.598,19,22,0.864,10,39,49,28,1,4,7,13,111.7,133.4,92.2,0.118,0.398,0.526,44.9,58.5,7.6,4.2,0.505,7.6,22.0,0.097,0.598,6.8,25.6,0.218
78,78,2025-04-06,@,NYK,L,98,112,,39,92,0.424,4,34,0.118,35,58,0.603,0.446,16,19,0.842,15,20,35,20,11,3,12,22,40,74,0.541,12,28,0.429,28,46,0.609,0.622,20,24,0.833,6,35,41,28,6,3,15,18,106.1,121.2,92.4,0.207,0.370,0.488,46.1,51.3,11.9,6.5,0.446,10.7,30.0,0.174,0.622,15.1,23.1,0.270
79,79,2025-04-08,,GSW,L,95,133,,35,88,0.398,12,43,0.279,23,45,0.511,0.466,13,15,0.867,13,28,41,22,12,4,19,19,45,93,0.484,15,40,0.375,30,53,0.566,0.565,28,34,0.824,19,38,57,31,14,3,15,10,95.3,133.4,99.7,0.170,0.489,0.502,41.8,62.9,12.0,7.5,0.466,16.7,25.5,0.148,0.565,12.2,40.4,0.301
80,80,2025-04-09,,OKC,L,112,125,,42,87,0.483,15,42,0.357,27,45,0.600,0.569,13,19,0.684,9,29,38,31,10,3,15,17,45,86,0.523,12,30,0.400,33,56,0.589,0.593,23,27,0.852,8,36,44,24,11,2,12,18,112.4,125.4,99.6,0.218,0.483,0.587,46.3,73.8,10.0,5.4,0.569,13.6,20.0,0.149,0.593,10.9,21.6,0.267
81,81,2025-04-11,,SAS,W,117,98,,44,95,0.463,19,47,0.404,25,48,0.521,0.563,10,11,0.909,13,39,52,27,9,10,11,9,39,90,0.433,13,34,0.382,26,56,0.464,0.506,7,10,0.700,5,35,40,28,7,2,15,7,117.9,98.8,99.2,0.116,0.495,0.586,56.5,61.4,9.1,17.9,0.563,9.9,27.1,0.105,0.506,13.7,11.4,0.078
82,82,2025-04-13,@,SAC,L,98,109,,40,84,0.476,15,44,0.341,25,40,0.625,0.565,3,6,0.500,9,28,37,28,6,1,13,9,46,88,0.523,14,34,0.412,32,54,0.593,0.602,3,3,1.000,10,33,43,31,6,4,13,7,109.1,121.3,89.8,0.071,0.524,0.566,46.3,70.0,6.7,1.9,0.565,13.0,21.4,0.036,0.602,12.7,26.3,0.034