Player,Team,Pos,G,GS,MP,FG,FGA,FG%,3P,3PA,3P%,2P,2PA,2P%,eFG%,FT,FTA,FT%,ORB,DRB,TRB,AST,STL,BLK,TOV,PF,PTS
Keyshawn Hall,UCF,G,33,33,33.5,5.7,13.3,0.427,1.4,3.8,0.354,4.3,9.5,0.457,0.478,6.0,7.4,0.816,2.1,5.0,7.1,2.4,0.8,0.5,3.0,2.5,18.8
Javon Small,West Virginia,G,32,32,36.1,5.7,13.7,0.418,2.6,7.3,0.353,3.1,6.3,0.493,0.513,4.6,5.2,0.880,0.5,3.6,4.1,5.6,1.5,0.3,2.7,1.5,18.6
JT Toppin,Texas Tech,F,33,33,27.2,7.5,13.5,0.554,0.5,1.7,0.327,6.9,11.8,0.586,0.574,2.8,4.1,0.676,3.2,6.2,9.4,1.2,0.8,1.5,1.5,2.3,18.2
Darius Johnson,UCF,G,37,37,34.4,5.6,12.8,0.434,2.5,6.4,0.396,3.1,6.5,0.471,0.532,3.8,4.5,0.827,0.7,2.6,3.4,4.3,2.2,0.2,2.9,2.9,17.4
Curtis Jones,Iowa State,G,34,9,30.5,5.8,13.5,0.430,2.6,6.9,0.374,3.2,6.6,0.489,0.526,3.2,3.8,0.845,0.4,3.8,4.2,2.3,1.1,0.2,1.4,1.6,17.4
Hunter Dickinson,Kansas,C,34,34,30.1,7.1,13.5,0.526,0.5,1.7,0.276,6.6,11.8,0.562,0.543,2.7,3.6,0.748,2.8,7.2,10.0,2.1,1.0,1.3,2.2,2.2,17.4
Caleb Love,Arizona,G,37,37,34.1,5.8,14.5,0.398,2.6,7.8,0.340,3.1,6.8,0.464,0.489,3.0,3.4,0.889,0.4,4.1,4.4,3.4,1.2,0.3,1.9,1.2,17.2
Richie Saunders,Brigham Young,G,35,35,29.5,5.8,11.1,0.518,2.3,5.2,0.432,3.5,5.9,0.594,0.619,2.7,3.3,0.835,1.4,3.1,4.5,1.6,1.2,0.4,1.3,1.9,16.5
Norchad Omier,Baylor,F,35,35,31.7,5.8,10.5,0.556,0.6,2.0,0.290,5.3,8.5,0.617,0.583,3.5,4.7,0.750,4.1,6.7,10.8,1.5,1.2,0.9,2.4,3.5,15.7
LJ Cryer,Houston,G,40,40,32.7,5.2,12.5,0.411,3.1,7.3,0.424,2.1,5.3,0.393,0.534,2.4,2.6,0.895,0.4,2.0,2.4,2.0,0.9,0.1,1.1,1.4,15.7
Gabe Madsen,Utah,G,33,33,29.7,4.8,13.0,0.371,3.1,9.5,0.322,1.8,3.5,0.509,0.489,2.5,2.9,0.854,0.2,2.4,2.6,2.5,1.0,0.1,1.9,1.5,15.2
Darrion Williams,Texas Tech,F,34,34,30.0,5.5,12.5,0.439,1.4,4.1,0.340,4.1,8.3,0.488,0.495,2.7,3.2,0.836,1.6,3.9,5.5,3.6,1.3,0.4,1.9,2.2,15.1
V.J. Edgecombe,Baylor,G,33,33,32.7,5.0,11.5,0.436,1.6,4.6,0.340,3.5,6.9,0.500,0.504,3.4,4.3,0.782,2.0,3.6,5.6,3.2,2.1,0.6,1.9,2.5,15.0
Tucker DeVries,West Virginia,G,8,8,34.5,4.4,10.6,0.412,3.3,6.9,0.473,1.1,3.8,0.300,0.565,2.9,3.5,0.821,0.6,4.3,4.9,2.8,1.8,1.5,1.9,2.9,14.9
Zeke Mayo,Kansas,G,34,32,31.7,4.9,11.1,0.447,2.6,6.2,0.422,2.3,4.9,0.479,0.565,2.1,2.5,0.833,0.3,4.5,4.8,2.9,0.7,0.1,2.5,1.1,14.6
Chance McMillian,Texas Tech,G,31,30,32.8,4.8,9.3,0.523,2.3,5.3,0.433,2.5,4.0,0.642,0.646,2.2,2.5,0.885,1.0,3.1,4.0,1.8,0.7,0.1,1.0,1.5,14.2
Alston Mason,Arizona State,G,32,32,36.5,4.4,10.2,0.434,1.8,4.7,0.387,2.6,5.5,0.475,0.523,3.2,3.7,0.849,0.5,2.1,2.5,4.0,0.8,0.2,2.2,1.9,13.8
BJ Freeman,Arizona State,G,25,22,28.6,4.7,11.2,0.421,2.1,6.0,0.356,2.6,5.2,0.496,0.516,2.1,2.8,0.746,0.6,3.3,3.9,2.6,0.6,0.4,2.0,2.5,13.7
Keshon Gilbert,Iowa State,G,29,28,31.6,4.8,9.8,0.484,0.9,2.7,0.333,3.9,7.1,0.541,0.530,3.0,4.1,0.729,0.6,2.9,3.5,4.1,1.7,0.1,3.2,1.7,13.4
David N'Guessan,Kansas State,F,33,33,29.7,5.4,8.4,0.644,0.2,0.7,0.273,5.2,7.8,0.676,0.655,2.2,3.8,0.597,3.0,4.2,7.2,1.4,0.8,0.8,1.3,2.5,13.3
Jordan Ivy-Curry,UCF,G,34,25,29.2,4.3,10.6,0.401,2.0,6.0,0.340,2.2,4.7,0.478,0.496,2.5,3.0,0.843,0.7,2.6,3.3,2.2,1.4,0.1,1.3,1.9,13.1
Joshua Jefferson,Iowa State,F,35,35,29.6,4.5,8.7,0.520,0.5,1.7,0.310,4.0,7.1,0.569,0.549,3.4,4.5,0.756,1.9,5.5,7.4,3.1,2.1,0.7,2.3,2.2,13.0
Bryce Thompson,Oklahoma State,G,35,35,26.9,4.6,10.5,0.440,1.0,2.9,0.340,3.7,7.7,0.478,0.486,2.8,3.5,0.782,0.3,2.5,2.7,1.7,1.0,0.1,1.7,2.1,13.0
Basheer Jihad,Arizona State,F,33,32,30.5,3.7,9.0,0.406,0.9,3.2,0.288,2.8,5.9,0.469,0.456,4.5,5.8,0.771,1.3,4.2,5.5,1.8,1.1,0.7,2.4,2.7,12.7
Jizzle James,Cincinnati,G,35,35,27.1,5.0,12.6,0.400,1.3,4.7,0.282,3.7,7.9,0.469,0.452,1.4,1.8,0.774,0.5,2.4,3.0,3.5,0.9,0.4,1.8,2.1,12.7
Emanuel Sharp,Houston,G,37,36,27.3,3.7,8.9,0.418,2.4,5.8,0.407,1.4,3.1,0.440,0.550,2.8,3.3,0.868,0.5,2.5,3.0,0.8,1.4,0.0,0.8,2.3,12.6
Julian Hammond III,Colorado,G,33,33,28.7,4.0,9.8,0.406,1.5,4.1,0.375,2.4,5.7,0.428,0.485,3.0,3.3,0.907,0.2,2.3,2.5,3.2,1.2,0.1,2.4,1.3,12.5
Noah Reynolds,TCU,G,31,30,31.5,4.3,10.1,0.427,1.4,4.0,0.341,3.0,6.2,0.482,0.494,2.5,3.3,0.745,0.2,2.0,2.2,3.0,0.7,0.1,1.8,1.5,12.5
Ezra Ausar,Utah,F,31,29,23.1,4.2,8.2,0.518,0.0,0.5,0.071,4.2,7.7,0.544,0.520,4.0,6.4,0.624,2.1,2.9,5.0,0.9,0.8,0.4,1.8,2.5,12.5
Abou Ousmane,Oklahoma State,F,34,33,22.6,4.4,8.8,0.503,0.5,1.2,0.405,3.9,7.5,0.520,0.532,2.9,3.9,0.729,1.9,3.3,5.2,0.7,1.0,1.0,1.7,2.8,12.2
Jaden Bradley,Arizona,G,37,37,34.1,4.3,9.1,0.467,0.7,2.1,0.321,3.6,7.0,0.512,0.504,2.8,3.4,0.827,0.6,2.8,3.4,3.7,1.8,0.1,1.9,2.1,12.1
Joson Sanon,Arizona State,G,27,9,28.2,4.3,10.2,0.422,1.7,4.5,0.369,2.6,5.7,0.464,0.504,1.7,2.3,0.714,0.3,3.2,3.4,1.0,0.5,0.3,1.4,1.9,11.9
Robert Wright III,Baylor,G,35,21,29.4,4.1,10.0,0.414,0.9,2.5,0.352,3.3,7.5,0.435,0.459,2.3,2.9,0.796,0.5,1.6,2.1,4.2,1.0,0.1,2.1,1.5,11.5
Milan Momcilovic,Iowa State,F,28,27,27.5,4.0,9.3,0.429,2.3,5.7,0.396,1.7,3.6,0.480,0.550,1.3,1.5,0.837,0.4,2.9,3.3,0.9,0.4,0.3,0.9,1.7,11.5
Milos Uzan,Houston,G,40,40,31.5,4.3,9.6,0.453,1.6,3.6,0.428,2.8,5.9,0.468,0.534,1.2,1.5,0.783,0.4,2.7,3.1,4.3,0.9,0.1,1.4,2.0,11.4
Dug McDaniel,Kansas State,G,32,23,32.3,4.5,12.0,0.378,1.1,4.1,0.258,3.5,7.9,0.440,0.422,1.3,1.8,0.724,0.3,2.4,2.8,4.9,1.7,0.0,2.7,1.3,11.4
Marchelus Avery,Oklahoma State,F,32,0,22.3,3.8,8.8,0.431,1.8,5.0,0.348,2.1,3.8,0.541,0.530,2.0,2.8,0.722,1.5,2.8,4.3,1.3,0.8,0.6,1.3,1.9,11.4
Vasean Allette,TCU,G,32,25,29.2,4.5,11.9,0.375,0.6,2.5,0.222,3.9,9.4,0.417,0.399,1.9,2.7,0.713,1.0,3.1,4.1,3.5,1.3,0.2,2.9,2.0,11.4
Frankie Collins,TCU,G,9,9,30.9,4.2,10.0,0.422,0.7,2.6,0.261,3.6,7.4,0.478,0.456,2.1,3.6,0.594,0.7,3.8,4.4,4.4,1.9,0.2,2.3,1.8,11.2
Brendan Hausen,Kansas State,G,33,33,27.6,3.3,8.4,0.390,2.7,7.0,0.388,0.5,1.4,0.400,0.552,1.6,2.0,0.818,0.2,2.3,2.5,0.8,0.6,0.1,0.7,1.2,10.9
KJ Lewis,Arizona,G,37,6,25.8,3.6,8.4,0.429,0.4,1.9,0.188,3.2,6.5,0.498,0.450,3.3,4.1,0.807,1.3,3.3,4.6,2.9,1.3,0.8,2.0,2.6,10.8
Coleman Hawkins,Kansas State,F,30,30,33.6,4.0,10.0,0.401,1.2,4.0,0.303,2.8,6.0,0.467,0.462,1.5,2.6,0.577,1.9,5.0,6.9,4.3,1.8,1.3,2.9,2.5,10.7
Egor Demin,Brigham Young,G,33,33,27.5,3.8,9.3,0.412,1.3,4.7,0.273,2.5,4.6,0.553,0.480,1.7,2.5,0.695,0.3,3.6,3.9,5.5,1.2,0.4,2.9,1.2,10.6
J'Wan Roberts,Houston,F,37,37,30.3,4.4,9.1,0.490,0.0,0.0,,4.4,9.1,0.490,0.490,1.8,2.8,0.625,2.6,3.9,6.5,1.8,1.0,0.7,1.6,1.9,10.6
Tamin Lipsey,Iowa State,G,34,34,31.0,3.6,7.5,0.484,1.1,3.5,0.331,2.5,4.1,0.616,0.561,2.2,2.9,0.758,0.9,1.7,2.6,3.1,2.0,0.2,1.6,1.7,10.6
Christian Anderson,Texas Tech,G,35,7,30.6,3.4,7.9,0.429,2.0,5.3,0.380,1.3,2.5,0.534,0.558,1.9,2.3,0.802,0.5,2.5,3.0,2.2,1.2,0.1,1.0,2.3,10.6
Moustapha Thiam,UCF,C,34,34,28.7,4.1,8.3,0.498,0.7,2.3,0.291,3.4,5.9,0.579,0.539,1.5,2.2,0.667,2.6,3.8,6.4,0.7,0.5,2.6,1.3,2.8,10.4
Simas Lukosius,Cincinnati,G,33,26,26.6,3.4,8.8,0.391,2.0,5.8,0.349,1.4,2.9,0.474,0.507,1.4,1.8,0.810,0.6,2.4,3.0,2.2,0.8,0.0,1.4,0.9,10.3
Day Day Thomas,Cincinnati,G,32,15,25.4,3.8,9.3,0.412,1.4,3.5,0.402,2.4,5.8,0.418,0.488,1.1,1.5,0.766,0.8,1.9,2.7,2.7,1.8,0.2,1.8,2.1,10.2
Andrej Jakimovski,Colorado,F,34,34,28.3,3.6,9.2,0.388,1.6,5.0,0.318,2.0,4.2,0.472,0.474,1.5,2.0,0.776,1.2,3.9,5.1,1.3,1.0,0.1,0.9,1.3,10.2
Jeremy Roach,Baylor,G,29,18,28.5,3.7,9.8,0.379,1.4,4.1,0.333,2.3,5.7,0.412,0.449,1.2,1.7,0.694,0.3,1.6,1.9,2.6,0.9,0.1,1.3,1.8,10.0
Dillon Mitchell,Cincinnati,F,35,35,28.1,4.4,7.2,0.614,0.3,1.0,0.294,4.1,6.2,0.664,0.633,0.9,2.2,0.395,2.1,4.7,6.9,1.7,1.4,0.6,1.2,1.6,9.9
Max Jones,Kansas State,G,33,33,29.8,3.3,8.3,0.400,1.4,4.0,0.344,2.0,4.4,0.451,0.482,1.8,2.4,0.763,1.5,2.6,4.1,1.8,0.8,0.3,1.4,2.5,9.9
Adam Miller,Arizona State,G,30,30,29.7,3.4,7.5,0.449,1.9,4.4,0.429,1.5,3.1,0.478,0.576,1.1,1.5,0.756,0.5,1.8,2.3,1.9,1.0,0.0,1.4,2.2,9.8
Amani Hansberry,West Virginia,F,31,24,23.6,3.7,8.6,0.429,1.1,3.9,0.292,2.5,4.7,0.541,0.494,1.4,1.8,0.750,2.2,4.3,6.5,1.4,0.7,0.4,1.5,2.1,9.8
Henri Veesaar,Arizona,F,37,5,20.8,3.5,5.9,0.592,0.4,1.3,0.327,3.1,4.6,0.669,0.628,1.9,2.8,0.686,2.2,2.8,5.0,1.3,0.7,1.1,1.1,2.7,9.4
Jayden Quaintance,Arizona State,F,24,24,29.5,3.9,7.4,0.525,0.3,1.3,0.188,3.6,6.0,0.600,0.542,1.4,3.0,0.479,3.0,4.9,7.9,1.5,1.1,2.6,1.9,2.6,9.4
KJ Adams Jr.,Kansas,F,31,29,30.0,3.7,6.9,0.540,0.0,0.0,,3.7,6.9,0.540,0.540,1.9,2.6,0.725,2.3,2.7,5.0,2.5,0.9,0.8,1.0,2.5,9.4
Trevin Knell,Brigham Young,G,36,29,20.3,3.0,6.3,0.473,2.1,4.9,0.429,0.9,1.4,0.627,0.639,1.1,1.6,0.732,0.4,1.9,2.4,1.3,0.9,0.1,0.8,1.9,9.2
Daniel Skillings Jr.,Cincinnati,G,29,13,22.8,3.7,8.3,0.440,0.9,3.0,0.299,2.8,5.3,0.519,0.494,1.0,1.7,0.612,1.6,2.2,3.8,1.5,1.2,0.7,1.3,1.7,9.2
Dajuan Harris Jr.,Kansas,G,33,33,32.4,3.6,8.2,0.439,0.8,2.5,0.321,2.8,5.7,0.492,0.489,1.1,1.5,0.725,0.6,2.4,3.0,5.7,1.4,0.4,1.8,1.5,9.2
Trazarien White,TCU,F,32,19,25.4,3.2,8.3,0.390,1.2,3.8,0.320,2.0,4.4,0.451,0.464,1.5,2.4,0.628,0.6,2.3,2.9,0.9,1.3,0.1,0.8,1.8,9.2
Elijah Hawkins,Texas Tech,G,35,34,31.9,2.6,8.1,0.323,1.5,4.9,0.316,1.1,3.3,0.333,0.418,2.3,2.7,0.842,0.5,3.0,3.5,6.5,1.5,0.1,2.0,2.7,9.1
Langston Love,Baylor,G,20,12,26.4,2.9,7.5,0.389,1.4,4.3,0.326,1.5,3.2,0.476,0.483,1.7,1.9,0.892,1.1,1.8,2.8,1.2,0.7,0.2,1.1,1.9,8.9
Fousseyni Traore,Brigham Young,F,36,1,17.3,3.4,5.4,0.628,0.0,0.1,0.250,3.4,5.3,0.635,0.630,1.8,2.2,0.823,1.9,3.5,5.4,1.3,0.3,0.4,1.3,1.4,8.7
Jayden Nunn,Baylor,G,34,22,28.1,3.0,7.4,0.405,1.9,4.6,0.413,1.1,2.9,0.392,0.532,0.7,1.2,0.625,0.6,2.0,2.6,1.6,0.9,0.2,0.7,1.8,8.6
Dishon Jackson,Iowa State,C,35,33,18.7,2.9,5.0,0.580,0.0,0.0,0.000,2.9,4.9,0.584,0.580,2.7,3.8,0.720,2.0,3.1,5.1,0.6,0.5,1.1,1.1,2.6,8.5
Lawson Lovering,Utah,C,28,28,23.8,3.4,6.4,0.531,0.0,0.1,0.000,3.4,6.3,0.537,0.531,1.6,4.0,0.398,2.3,2.6,4.9,2.7,0.4,0.9,1.6,2.5,8.4
Keanu Dawes,Utah,F,31,2,18.6,2.9,4.7,0.614,0.4,1.1,0.343,2.5,3.5,0.700,0.655,2.2,2.9,0.756,2.0,4.5,6.4,1.0,0.6,0.5,1.0,1.8,8.3
Jonathan Powell,West Virginia,F,32,23,30.1,3.0,7.8,0.378,2.0,5.7,0.352,1.0,2.2,0.449,0.506,0.4,0.8,0.480,0.6,2.5,3.1,0.7,0.7,0.0,0.6,1.4,8.3
Trey Townsend,Arizona,F,35,30,21.0,3.1,6.3,0.495,0.5,1.4,0.333,2.7,4.9,0.541,0.532,1.5,1.9,0.794,1.6,2.4,3.9,1.0,0.3,0.2,1.1,1.2,8.2
Bangot Dak,Colorado,F,35,20,19.9,3.2,6.5,0.489,0.4,1.4,0.280,2.8,5.1,0.548,0.520,1.5,2.1,0.693,1.0,2.9,3.9,1.1,0.8,1.3,1.4,2.0,8.2
Toby Okani,West Virginia,G,32,32,29.2,3.5,7.8,0.446,0.6,2.0,0.302,2.9,5.8,0.495,0.484,0.7,1.8,0.386,2.0,2.1,4.1,1.4,0.6,0.8,1.5,2.8,8.2
Tobe Awaka,Arizona,F,37,36,19.5,3.2,4.9,0.646,0.1,0.1,0.400,3.1,4.8,0.653,0.652,1.6,2.4,0.667,2.9,4.9,7.8,0.7,0.4,0.6,0.8,2.9,8.0
Motiejus Krivas,Arizona,C,8,1,15.6,2.6,4.8,0.553,0.0,0.0,,2.6,4.8,0.553,0.553,2.6,3.8,0.700,1.9,2.6,4.5,1.1,0.4,0.8,0.8,2.0,7.9
Elijah Malone,Colorado,C,34,20,18.7,3.2,5.4,0.592,0.1,0.5,0.250,3.1,4.9,0.625,0.603,1.4,1.9,0.746,1.3,1.9,3.2,1.1,0.5,0.6,1.6,2.2,7.9
Kevin Overton,Texas Tech,G,36,1,22.3,2.6,6.3,0.422,1.1,3.3,0.331,1.6,3.0,0.523,0.509,1.5,1.9,0.779,0.9,2.8,3.7,0.9,0.5,0.2,0.9,1.9,7.8
Arturo Dean,Oklahoma State,G,34,21,24.4,2.6,6.7,0.396,0.4,1.5,0.275,2.2,5.2,0.432,0.427,1.9,2.7,0.688,0.6,2.5,3.1,3.4,2.5,0.0,2.4,2.1,7.6
Dawson Baker,Brigham Young,G,36,0,16.7,2.7,5.9,0.453,1.1,3.0,0.380,1.5,2.9,0.529,0.550,1.0,1.3,0.783,0.3,1.7,2.0,1.4,0.4,0.0,0.9,1.4,7.5
Josh Ojianwuna,Baylor,F,23,23,24.7,2.8,3.7,0.774,0.0,0.0,0.000,2.8,3.6,0.783,0.774,1.7,2.7,0.645,2.7,3.8,6.4,0.6,0.9,0.8,0.8,2.6,7.4
Keba Keita,Brigham Young,C,35,35,21.0,3.3,4.9,0.673,0.0,0.0,,3.3,4.9,0.673,0.673,0.9,2.1,0.411,2.9,5.0,7.9,0.7,0.7,1.2,0.8,2.3,7.4
Aziz Bandaogo,Cincinnati,C,35,35,25.6,2.9,4.3,0.678,0.0,0.0,,2.9,4.3,0.678,0.678,1.5,2.3,0.646,2.2,3.8,6.0,0.7,0.6,1.4,1.1,1.9,7.4
Achor Achor,Kansas State,F,7,0,13.3,2.9,5.3,0.541,0.4,1.3,0.333,2.4,4.0,0.607,0.581,1.1,1.7,0.667,1.0,1.7,2.7,0.7,0.7,0.0,1.3,2.6,7.3
Brandon Newman,Oklahoma State,G,35,0,20.0,2.2,5.7,0.388,1.1,3.2,0.345,1.1,2.5,0.443,0.485,1.7,2.2,0.776,1.0,2.6,3.6,0.8,0.8,0.3,1.3,1.6,7.3
Anthony Dell'Orso,Arizona,G,37,28,18.2,2.4,5.4,0.450,1.4,3.3,0.413,1.1,2.1,0.506,0.575,1.0,1.1,0.902,0.4,0.9,1.4,1.4,0.5,0.1,0.7,0.9,7.2
Kanon Catchings,Brigham Young,F,31,15,17.4,2.5,6.0,0.411,1.4,4.0,0.350,1.1,2.0,0.532,0.527,0.9,1.5,0.587,0.6,1.5,2.2,0.7,0.6,0.4,0.8,1.2,7.2
Mike Sharavjamts,Utah,F,33,29,22.4,2.7,6.6,0.406,1.1,3.5,0.308,1.6,3.0,0.520,0.488,0.8,1.3,0.614,0.8,2.6,3.4,2.8,0.7,0.7,1.3,2.0,7.2
Jalen Celestine,Baylor,G,31,11,25.0,2.4,6.2,0.380,1.6,4.6,0.354,0.7,1.5,0.458,0.513,0.7,0.9,0.786,1.1,2.5,3.5,0.8,0.6,0.2,0.6,2.1,7.1
Trevor Baskin,Colorado,F,35,12,19.5,2.4,4.7,0.503,0.2,0.7,0.240,2.2,4.0,0.550,0.521,2.1,3.2,0.661,1.6,3.2,4.8,1.8,0.9,0.7,1.8,2.1,7.0
Dallin Hall,Brigham Young,G,32,10,24.6,2.1,5.3,0.402,1.1,3.2,0.353,1.0,2.1,0.478,0.509,1.4,2.1,0.672,0.6,1.6,2.2,4.2,0.7,0.1,1.6,1.8,6.8
Mason Madsen,Utah,G,30,5,14.3,2.4,6.0,0.392,1.6,4.1,0.382,0.8,1.9,0.414,0.522,0.5,0.8,0.696,0.4,1.9,2.3,1.2,0.6,0.1,0.8,1.0,6.8
Ernest Udeh Jr.,TCU,C,30,30,26.6,2.4,3.7,0.634,0.0,0.0,,2.4,3.7,0.634,0.634,1.8,3.1,0.598,3.1,4.4,7.5,1.2,1.4,1.3,1.1,2.2,6.6
Carter Bryant,Arizona,G,37,5,19.3,2.2,4.8,0.460,1.1,2.8,0.371,1.1,1.9,0.592,0.571,1.1,1.6,0.695,0.9,3.2,4.1,1.0,0.9,1.0,1.0,2.3,6.5
Terrance Arceneaux,Houston,G,40,6,20.3,2.5,5.5,0.443,0.7,2.1,0.337,1.8,3.5,0.507,0.507,0.9,1.2,0.729,1.0,1.8,2.7,0.7,0.9,0.3,0.7,1.2,6.5
David Punch,TCU,F,32,27,20.4,2.6,5.4,0.477,0.3,0.9,0.276,2.3,4.5,0.517,0.500,1.2,2.2,0.529,1.8,2.6,4.4,0.6,0.5,0.9,1.2,2.2,6.5
Brendan Wenzel,TCU,G,29,15,21.6,2.1,6.1,0.345,1.3,4.2,0.320,0.8,1.9,0.400,0.455,0.8,1.2,0.706,0.3,2.2,2.4,0.8,0.7,0.1,0.6,1.2,6.4
Joseph Yesufu,West Virginia,G,29,0,19.1,2.2,5.8,0.383,1.1,3.4,0.316,1.1,2.4,0.478,0.476,1.0,1.3,0.757,0.3,1.7,2.0,0.4,0.6,0.1,0.5,1.5,6.4
Rylan Griffen,Kansas,G,33,20,20.2,2.1,5.7,0.372,1.2,3.7,0.336,0.9,2.0,0.439,0.481,0.8,1.2,0.675,0.5,1.6,2.1,1.4,0.3,0.3,0.9,1.5,6.3
Jake Wahlin,Utah,F,33,23,23.5,2.4,5.1,0.467,0.8,2.3,0.351,1.5,2.7,0.567,0.548,0.8,1.2,0.667,1.5,3.4,4.9,1.5,0.7,0.7,0.8,2.4,6.3
RJ Smith,Colorado,G,34,16,21.7,2.3,5.1,0.448,1.1,3.0,0.386,1.1,2.1,0.535,0.561,0.5,0.6,0.773,0.1,2.3,2.5,1.7,0.7,0.4,1.2,1.8,6.2
Khalil Brantley,Oklahoma State,G,34,14,20.3,1.9,4.7,0.410,0.4,1.1,0.351,1.6,3.6,0.427,0.450,2.0,2.6,0.744,0.8,1.9,2.6,2.4,0.9,0.1,1.8,2.0,6.2
AJ Storr,Kansas,G,34,4,15.7,2.2,5.8,0.384,0.7,2.3,0.291,1.6,3.5,0.445,0.442,0.9,1.4,0.681,0.4,1.3,1.7,0.7,0.3,0.1,0.9,1.6,6.1
Jaylin Sellers,UCF,G,3,1,15.7,2.3,4.7,0.500,0.7,1.7,0.400,1.7,3.0,0.556,0.571,0.7,0.7,1.000,0.3,1.0,1.3,1.0,0.3,0.0,2.0,1.0,6.0
Kerwin Walton,Texas Tech,G,37,37,18.6,1.9,5.0,0.387,1.7,4.3,0.396,0.2,0.7,0.333,0.556,0.4,0.6,0.762,0.4,0.9,1.3,0.5,0.2,0.2,0.4,1.4,6.0
Mawot Mag,Brigham Young,F,34,22,19.3,2.0,4.1,0.486,0.9,2.1,0.397,1.1,1.9,0.585,0.591,1.1,1.4,0.750,0.7,1.4,2.1,0.7,0.7,0.2,0.7,1.6,5.9
Sebastian Rancik,Colorado,F,33,11,17.5,2.0,4.6,0.425,0.5,1.9,0.258,1.5,2.8,0.538,0.477,1.5,2.2,0.690,0.7,2.1,2.8,0.6,0.4,0.2,0.8,1.4,5.9
Flory Bidunga,Kansas,F,34,6,16.3,2.6,3.7,0.698,0.0,0.0,,2.6,3.7,0.698,0.698,0.7,1.3,0.533,1.8,3.6,5.4,0.3,0.6,1.6,0.8,2.2,5.9
Macaleab Rich,Kansas State,F,13,0,12.5,2.2,3.5,0.644,0.3,0.5,0.571,1.9,2.9,0.658,0.689,1.2,1.4,0.833,0.7,1.5,2.2,0.2,0.4,0.0,1.0,2.0,5.9
Sencire Harris,West Virginia,G,32,32,26.9,2.3,5.8,0.397,0.2,1.7,0.113,2.1,4.1,0.511,0.413,1.1,1.5,0.750,0.6,3.6,4.3,1.6,1.7,0.7,1.2,2.4,5.9
Christian Jones,Kansas State,G,33,9,18.8,2.1,5.2,0.407,0.5,1.7,0.309,1.6,3.5,0.453,0.456,0.9,1.4,0.674,0.2,1.5,1.7,1.5,0.5,0.2,1.0,2.0,5.7
Javon Ruffin,Colorado,G,33,10,20.3,2.0,5.3,0.371,0.8,2.7,0.315,1.1,2.6,0.430,0.451,0.8,1.0,0.788,0.3,1.7,2.0,2.1,0.5,0.2,1.6,1.7,5.6
Mylik Wilson,Houston,G,40,1,17.5,2.4,5.4,0.435,0.4,1.0,0.359,2.0,4.4,0.452,0.468,0.6,0.8,0.710,1.1,2.9,4.0,1.4,1.2,0.3,0.8,1.4,5.6
Amier Ali,Arizona State,F,32,4,19.2,1.7,4.5,0.372,0.9,2.9,0.326,0.8,1.7,0.453,0.476,1.2,1.7,0.717,0.4,2.7,3.1,0.8,0.5,0.0,0.6,1.2,5.5
Joseph Tugler,Houston,F,40,33,21.7,2.3,4.3,0.523,0.1,0.3,0.273,2.2,4.0,0.540,0.532,0.9,1.6,0.538,2.7,3.2,5.9,0.9,1.0,1.9,1.0,3.1,5.5
Jamyron Keller,Oklahoma State,G,35,26,21.0,1.8,5.2,0.352,1.0,3.0,0.333,0.8,2.2,0.377,0.448,0.8,1.1,0.700,0.4,2.1,2.5,1.4,0.8,0.1,0.9,1.8,5.5
Devan Cambridge,Texas Tech,G,6,2,17.7,2.2,3.7,0.591,0.7,1.2,0.571,1.5,2.5,0.600,0.682,0.5,0.7,0.750,1.2,2.3,3.5,0.3,0.3,0.0,1.0,1.5,5.5
Shawn Phillips Jr.,Arizona State,F,31,12,18.0,2.2,3.8,0.573,0.0,0.0,,2.2,3.8,0.573,0.573,1.1,1.8,0.600,1.5,3.7,5.2,0.6,0.2,1.1,1.4,3.0,5.4
Robert Jennings,Oklahoma State,F,35,35,16.5,1.6,3.3,0.474,0.2,0.7,0.261,1.4,2.7,0.527,0.500,2.1,2.6,0.783,1.1,2.3,3.4,0.3,0.4,0.3,1.2,2.2,5.4
Dallan Coleman,UCF,G,37,30,23.3,1.6,4.7,0.337,0.8,2.9,0.275,0.8,1.8,0.439,0.423,1.3,1.8,0.727,1.4,2.8,4.2,1.0,1.1,0.1,0.7,1.8,5.3
Micah Robinson,TCU,F,32,2,14.1,1.7,4.3,0.396,0.7,2.2,0.319,1.0,2.2,0.471,0.475,1.2,1.6,0.765,0.9,0.9,1.8,0.5,0.4,0.1,0.6,0.9,5.3
Miro Little,Utah,G,33,12,17.7,1.7,5.0,0.337,0.8,2.5,0.310,0.9,2.5,0.366,0.416,1.1,1.5,0.755,0.6,2.6,3.2,2.9,0.9,0.2,1.5,1.6,5.3
Mikey Williams,UCF,G,18,5,14.0,1.8,4.9,0.371,0.5,1.8,0.281,1.3,3.2,0.421,0.421,0.9,1.1,0.800,0.4,1.6,1.9,0.7,0.4,0.2,0.6,1.2,5.1
Ja'Vier Francis,Houston,F,38,7,15.7,1.9,3.2,0.608,0.0,0.0,0.000,1.9,3.1,0.613,0.608,1.3,1.8,0.721,1.9,2.4,4.4,0.2,0.4,1.0,0.9,2.2,5.1
Nate Heise,Iowa State,G,35,7,21.7,2.0,3.7,0.531,0.8,1.9,0.409,1.2,1.8,0.656,0.635,0.4,0.7,0.609,0.7,2.6,3.2,1.0,1.3,0.1,0.8,2.0,5.1
David Coit,Kansas,G,34,3,15.5,1.7,4.6,0.378,1.4,3.5,0.387,0.4,1.1,0.351,0.526,0.3,0.4,0.750,0.1,1.4,1.5,1.3,0.5,0.0,0.5,0.9,5.1
Federiko Federiko,Texas Tech,C,35,6,18.9,2.1,2.9,0.743,0.0,0.0,,2.1,2.9,0.743,0.743,0.9,1.7,0.492,2.3,2.2,4.5,0.7,0.4,0.8,0.7,2.1,5.1
Eduardo Andre,West Virginia,F,31,9,17.0,2.2,3.1,0.698,0.0,0.0,,2.2,3.1,0.698,0.698,0.6,1.2,0.541,1.0,2.8,3.8,1.0,0.7,1.4,1.1,2.4,5.0
Josh Reed,Cincinnati,G,33,9,17.6,1.7,4.1,0.410,0.6,1.9,0.313,1.1,2.1,0.500,0.485,0.9,1.0,0.853,0.8,1.7,2.5,0.8,0.7,0.2,0.3,1.5,4.8
JJ Taylor,UCF,F,25,0,13.8,1.3,3.2,0.407,0.5,1.6,0.325,0.8,1.6,0.488,0.488,1.2,1.8,0.652,0.6,1.7,2.2,0.8,0.4,0.3,1.1,1.4,4.4
Connor Hickman,Cincinnati,G,13,7,19.8,1.8,4.8,0.371,0.7,2.7,0.257,1.1,2.1,0.519,0.444,0.1,0.2,0.500,0.2,2.2,2.5,1.2,0.6,0.1,0.6,1.0,4.3
Jace Posey,TCU,F,31,3,12.8,1.5,3.7,0.421,0.3,1.2,0.278,1.2,2.5,0.487,0.465,0.8,1.6,0.531,1.0,1.3,2.3,0.4,0.5,0.2,0.6,1.2,4.3
Assane Diop,Colorado,F,35,17,15.1,1.1,2.7,0.389,0.1,0.7,0.200,0.9,2.0,0.457,0.416,1.5,1.9,0.791,1.0,2.7,3.7,0.8,0.3,0.1,1.1,1.5,3.8
Brandton Chatfield,Iowa State,F,35,2,14.4,1.6,2.5,0.618,0.0,0.1,0.000,1.6,2.5,0.632,0.618,0.7,1.0,0.706,1.7,1.4,3.1,0.3,0.3,0.5,0.5,2.1,3.8
Hunter Erickson,Utah,G,33,2,17.8,1.2,2.9,0.400,0.8,2.2,0.347,0.4,0.7,0.565,0.532,0.7,0.8,0.821,0.3,1.2,1.6,1.5,0.5,0.3,0.8,1.2,3.8
Nils Machowski,UCF,G,31,9,12.4,1.2,2.7,0.435,0.6,1.6,0.367,0.6,1.2,0.528,0.541,0.7,0.9,0.815,0.7,1.5,2.2,0.8,0.6,0.1,0.5,0.8,3.7
Trevor Best,Arizona State,G,11,0,12.8,1.2,2.9,0.406,0.5,1.4,0.400,0.6,1.5,0.412,0.500,0.7,1.1,0.667,0.3,0.6,0.9,0.5,0.3,0.0,0.5,1.7,3.6
Mihailo Boskovic,Brigham Young,F,30,0,11.1,1.2,3.1,0.380,0.5,1.9,0.268,0.7,1.2,0.556,0.462,0.7,0.9,0.815,0.3,1.4,1.7,0.4,0.3,0.1,0.6,1.0,3.6
Benny Williams,UCF,F,35,1,13.0,1.5,3.5,0.439,0.1,0.7,0.217,1.4,2.9,0.490,0.459,0.4,0.9,0.467,0.8,1.3,2.1,0.8,0.4,0.5,0.6,1.4,3.6
Shakeel Moore,Kansas,G,20,9,13.9,1.4,2.9,0.474,0.4,1.1,0.333,1.0,1.8,0.556,0.535,0.6,0.9,0.647,0.3,1.4,1.7,1.4,0.6,0.2,1.0,0.7,3.6
Arrinten Page,Cincinnati,F,31,0,9.1,1.3,2.6,0.494,0.1,0.3,0.444,1.2,2.3,0.500,0.519,0.8,1.3,0.634,0.9,1.5,2.3,0.4,0.3,0.5,0.7,1.2,3.5
Tyler Betsey,Cincinnati,F,34,0,11.2,1.2,3.3,0.357,0.8,2.4,0.321,0.4,0.9,0.452,0.473,0.2,0.4,0.538,0.5,1.0,1.5,0.3,0.0,0.1,0.3,0.8,3.3
Eemeli Yalaho,Texas Tech,F,8,1,11.3,1.3,2.3,0.556,0.4,0.8,0.500,0.9,1.5,0.583,0.639,0.4,0.9,0.429,0.8,1.6,2.4,0.8,0.3,0.1,0.5,1.0,3.3
Tyler Hendricks,UCF,G,26,8,12.3,1.1,2.5,0.439,0.5,1.3,0.364,0.7,1.3,0.515,0.530,0.5,0.7,0.667,0.8,1.7,2.5,0.5,0.2,0.3,0.2,1.2,3.2
Harrison Carrington,Colorado,G,30,1,8.9,0.9,1.5,0.609,0.2,0.6,0.333,0.7,0.9,0.786,0.674,1.0,1.3,0.769,0.5,0.7,1.2,0.2,0.3,0.2,0.7,1.0,3.1
Cole Despie,TCU,G,1,0,1.0,1.0,1.0,1.000,1.0,1.0,1.000,0.0,0.0,,1.500,0.0,0.0,,0.0,0.0,0.0,0.0,0.0,0.0,0.0,0.0,3.0
Dior Johnson,UCF,G,35,0,8.5,1.1,2.4,0.459,0.2,0.7,0.304,0.9,1.8,0.516,0.500,0.5,0.6,0.900,0.2,0.8,1.0,0.8,0.3,0.0,0.6,0.7,2.9
Pat Suemnick,Oklahoma State,F,34,1,11.7,1.1,2.2,0.520,0.0,0.1,0.000,1.1,2.1,0.534,0.520,0.6,1.5,0.440,0.9,1.1,1.9,0.3,0.4,0.2,0.5,1.1,2.9
Ugonna Onyenso,Kansas State,F,24,2,11.0,1.2,1.7,0.700,0.0,0.0,,1.2,1.7,0.700,0.700,0.4,0.5,0.769,1.0,1.5,2.4,0.1,0.3,0.9,0.3,1.0,2.8
Caleb Lohner,Utah,F,22,2,9.9,1.3,2.3,0.549,0.0,0.1,0.000,1.3,2.2,0.583,0.549,0.2,0.7,0.313,0.5,1.4,2.0,0.7,0.2,0.2,0.8,1.5,2.8
Zach Keller,Utah,F,28,0,9.9,1.1,2.0,0.561,0.2,0.5,0.400,0.9,1.5,0.619,0.614,0.3,0.8,0.381,0.7,0.7,1.4,0.6,0.2,0.0,0.5,1.7,2.8
Mercy Miller,Houston,G,22,0,8.6,0.7,2.9,0.254,0.2,1.3,0.179,0.5,1.6,0.314,0.294,1.0,1.5,0.719,0.5,1.5,1.9,0.4,0.3,0.1,0.4,0.9,2.7
Baye Fall,Kansas State,F,4,0,6.5,1.3,2.0,0.625,0.0,0.0,,1.3,2.0,0.625,0.625,0.0,0.0,,1.0,0.5,1.5,0.0,0.0,0.8,0.8,1.3,2.5
David Castillo,Kansas State,G,32,2,10.0,0.6,2.7,0.221,0.5,2.1,0.254,0.1,0.6,0.105,0.320,0.7,0.8,0.880,0.0,0.6,0.6,0.8,0.4,0.0,0.6,0.7,2.4
KJ Tenner,West Virginia,G,30,0,13.2,0.9,2.7,0.350,0.1,0.9,0.154,0.8,1.8,0.444,0.375,0.4,0.6,0.611,0.1,0.6,0.7,1.1,0.8,0.0,0.4,1.8,2.4
Malick Diallo,TCU,C,29,0,10.9,0.9,1.8,0.490,0.0,0.0,,0.9,1.8,0.490,0.490,0.5,0.9,0.556,1.3,1.4,2.7,0.2,0.3,0.6,0.8,1.9,2.2
Nojus Indrusaitis,Iowa State,G,15,0,5.7,0.7,2.0,0.333,0.1,0.9,0.143,0.5,1.1,0.500,0.367,0.6,1.1,0.529,0.0,0.4,0.4,0.3,0.1,0.0,0.4,0.9,2.1
Mobi Ikegwuruka,Kansas State,G,24,0,8.0,0.9,1.5,0.600,0.0,0.0,,0.9,1.5,0.600,0.600,0.4,0.7,0.529,0.8,1.6,2.4,0.1,0.6,0.2,0.4,1.1,2.1
Austin Nunez,Arizona State,G,4,0,11.3,0.8,2.3,0.333,0.5,1.5,0.333,0.3,0.8,0.333,0.444,0.0,0.0,,0.3,1.5,1.8,0.8,0.5,0.0,0.8,1.3,2.0
Rokas Jocius,UCF,C,25,2,8.6,0.8,2.0,0.420,0.1,0.5,0.154,0.8,1.5,0.514,0.440,0.2,0.3,0.714,0.6,1.0,1.6,0.3,0.0,0.2,0.4,1.4,2.0
Felix Kossaras,Colorado,G,29,1,10.8,0.7,1.6,0.413,0.2,0.6,0.313,0.5,1.0,0.467,0.467,0.5,0.9,0.577,0.2,1.0,1.2,0.8,0.4,0.1,0.7,0.9,2.0
Nick Randall,Colorado,F,1,0,3.0,1.0,1.0,1.000,0.0,0.0,,1.0,1.0,1.000,1.000,0.0,0.0,,1.0,0.0,1.0,0.0,0.0,0.0,0.0,0.0,2.0
Ramon Walker Jr.,Houston,G,8,0,11.5,0.8,1.5,0.500,0.3,0.5,0.500,0.5,1.0,0.500,0.583,0.3,0.4,0.667,0.8,1.6,2.4,0.0,0.3,0.3,0.1,0.6,2.0
Isaiah Manning,TCU,F,24,0,7.3,0.7,2.4,0.298,0.4,1.8,0.209,0.3,0.6,0.571,0.377,0.2,0.3,0.714,0.3,0.5,0.8,0.3,0.2,0.0,0.1,1.0,2.0
Rayvon Griffith,Cincinnati,G,19,0,5.7,0.6,1.7,0.333,0.2,0.8,0.188,0.4,0.9,0.471,0.379,0.6,0.7,0.786,0.4,0.4,0.8,0.3,0.1,0.1,0.2,0.9,1.9
Jake Auer,West Virginia,G,14,0,3.2,0.6,1.3,0.500,0.6,1.1,0.563,0.0,0.1,0.000,0.750,0.0,0.0,,0.2,0.5,0.7,0.0,0.1,0.0,0.0,0.3,1.9
Demarion Watson,Iowa State,G,18,0,8.8,0.5,1.4,0.360,0.2,0.6,0.273,0.3,0.8,0.429,0.420,0.7,0.8,0.800,0.8,1.4,2.3,0.2,0.3,0.6,0.3,1.0,1.8
Andrija Vukovic,Oklahoma State,F,11,0,4.3,0.4,0.6,0.571,0.0,0.0,,0.4,0.6,0.571,0.571,1.1,1.7,0.632,0.3,0.5,0.7,0.0,0.0,0.0,0.2,0.4,1.8
Connor Dow,Oklahoma State,G,24,1,8.5,0.6,1.5,0.389,0.4,1.1,0.370,0.2,0.4,0.444,0.528,0.2,0.3,0.500,0.6,0.8,1.4,0.3,0.3,0.1,0.3,0.8,1.8
Trey Stewart,Brigham Young,G,29,0,7.6,0.5,1.4,0.366,0.4,1.1,0.364,0.1,0.3,0.375,0.512,0.2,0.3,0.750,0.1,0.2,0.3,0.4,0.4,0.1,0.2,1.1,1.7
Wilder Evers,Kansas,G,6,0,2.5,0.7,0.8,0.800,0.3,0.5,0.667,0.3,0.3,1.000,1.000,0.0,0.0,,0.0,0.3,0.3,0.0,0.2,0.0,0.0,0.3,1.7
Davonte Davis,Oklahoma State,G,27,9,13.6,0.6,2.1,0.298,0.2,1.3,0.176,0.4,0.9,0.478,0.351,0.2,0.4,0.545,0.4,0.9,1.3,0.8,0.4,0.0,0.5,1.8,1.7
Conrad Martinez,Arizona,G,22,0,5.0,0.5,0.8,0.667,0.2,0.5,0.500,0.3,0.4,0.875,0.806,0.3,0.4,0.875,0.0,0.3,0.3,1.0,0.3,0.0,0.3,0.5,1.6
Jason Asemota,Baylor,F,24,0,6.3,0.6,1.8,0.326,0.3,1.0,0.250,0.3,0.8,0.421,0.395,0.2,0.3,0.500,0.5,1.0,1.5,0.2,0.3,0.2,0.1,1.0,1.6
Drew McElroy,TCU,G,2,0,1.0,0.5,0.5,1.000,0.5,0.5,1.000,0.0,0.0,,1.500,0.0,0.0,,0.0,0.5,0.5,0.0,0.0,0.0,0.0,0.0,1.5
Zach Clemence,Kansas,F,8,0,5.3,0.5,1.1,0.444,0.0,0.3,0.000,0.5,0.9,0.571,0.444,0.4,0.6,0.600,0.8,0.6,1.4,0.4,0.6,0.1,0.4,1.0,1.4
Emmanuel Stephen,Arizona,F,8,0,3.0,0.6,0.6,1.000,0.0,0.0,,0.6,0.6,1.000,1.000,0.0,0.4,0.000,0.1,1.1,1.3,0.1,0.3,0.1,0.3,0.5,1.3
CJ Fredrick,Cincinnati,G,19,0,9.2,0.4,1.2,0.318,0.4,0.9,0.389,0.0,0.2,0.000,0.477,0.2,0.3,0.667,0.0,0.6,0.6,0.4,0.1,0.1,0.2,0.3,1.3
Ayomide Bamisile,Utah,F,6,0,2.5,0.7,0.8,0.800,0.0,0.0,,0.7,0.8,0.800,0.800,0.0,0.0,,0.2,0.2,0.3,0.0,0.2,0.0,0.0,0.2,1.3
Elijah Crawford,Brigham Young,G,21,0,5.2,0.4,1.2,0.346,0.1,0.4,0.222,0.3,0.8,0.412,0.385,0.2,0.3,0.714,0.2,0.4,0.6,0.7,0.3,0.0,0.3,0.7,1.2
Dillon Wilhite,Kansas,F,5,0,2.8,0.6,0.6,1.000,0.0,0.0,,0.6,0.6,1.000,1.000,0.0,0.0,,0.2,0.2,0.4,0.0,0.2,0.0,0.2,0.2,1.2
Omar Adegbola,Baylor,G,11,0,2.1,0.5,0.9,0.500,0.1,0.3,0.333,0.4,0.6,0.571,0.550,0.1,0.1,1.000,0.3,0.1,0.4,0.1,0.0,0.0,0.1,0.1,1.1
Tyler Caron,Oklahoma State,F,7,0,2.4,0.4,0.7,0.600,0.3,0.6,0.500,0.1,0.1,1.000,0.800,0.0,0.0,,0.0,0.3,0.3,0.0,0.4,0.1,0.4,0.0,1.1
Sven Djopmo,Arizona,G,2,0,1.0,0.5,1.0,0.500,0.0,0.0,,0.5,1.0,0.500,0.500,0.0,0.0,,0.0,0.5,0.5,0.0,0.5,0.0,0.5,0.0,1.0
Jared McGregor,Brigham Young,G,4,0,1.5,0.3,1.0,0.250,0.3,1.0,0.250,0.0,0.0,,0.375,0.3,0.5,0.500,0.0,0.0,0.0,0.3,0.0,0.0,0.0,0.0,1.0
Jack Pease,Colorado,G,4,0,1.5,0.3,1.5,0.167,0.3,0.5,0.500,0.0,1.0,0.000,0.250,0.3,0.5,0.500,0.0,0.0,0.0,0.0,0.0,0.0,0.0,0.3,1.0
Kordelius Jefferson,Houston,G,16,0,3.7,0.4,1.3,0.333,0.1,0.8,0.154,0.3,0.5,0.625,0.381,0.0,0.1,0.000,0.0,0.2,0.2,0.0,0.1,0.1,0.2,0.6,1.0
Justin Cross,Kansas,G,4,0,2.0,0.5,0.5,1.000,0.0,0.0,,0.5,0.5,1.000,1.000,0.0,0.0,,0.0,0.5,0.5,0.3,0.3,0.5,0.0,0.3,1.0
Adam Stewart,TCU,C,2,0,1.0,0.5,0.5,1.000,0.0,0.0,,0.5,0.5,1.000,1.000,0.0,0.0,,0.0,0.0,0.0,0.0,0.0,0.0,0.0,0.0,1.0
Brody Kozlowski,Brigham Young,F,9,0,3.3,0.2,0.4,0.500,0.2,0.4,0.500,0.0,0.0,,0.750,0.2,0.2,1.000,0.0,0.4,0.4,0.0,0.1,0.0,0.1,0.1,0.9
Grant Weitman,Arizona,G,12,0,1.8,0.3,0.5,0.667,0.2,0.3,0.667,0.2,0.3,0.667,0.833,0.0,0.0,,0.1,0.5,0.6,0.0,0.2,0.1,0.1,0.1,0.8
Taj Manning,Kansas State,F,8,0,2.6,0.3,0.5,0.500,0.3,0.5,0.500,0.0,0.0,,0.750,0.0,0.0,,0.1,0.6,0.8,0.0,0.1,0.0,0.1,0.5,0.8
Cedric Lath,Houston,C,20,0,5.6,0.3,0.6,0.455,0.0,0.0,,0.3,0.6,0.455,0.455,0.2,0.6,0.273,1.0,0.3,1.3,0.1,0.1,0.3,0.2,1.0,0.7
Cade Kelderman,Iowa State,G,15,0,5.4,0.3,0.7,0.364,0.1,0.4,0.333,0.1,0.3,0.400,0.455,0.0,0.1,0.000,0.1,0.1,0.3,0.7,0.4,0.0,0.3,0.8,0.7
JT Rock,Iowa State,C,9,0,2.3,0.3,0.6,0.600,0.0,0.0,,0.3,0.6,0.600,0.600,0.0,0.0,,0.3,0.3,0.7,0.0,0.0,0.1,0.1,0.1,0.7
Kayden Fish,Iowa State,F,9,0,2.3,0.2,0.6,0.400,0.0,0.0,,0.2,0.6,0.400,0.400,0.2,0.3,0.667,0.1,0.2,0.3,0.0,0.1,0.1,0.3,0.1,0.7
Rakease Passmore,Kansas,G,23,0,5.0,0.3,0.9,0.286,0.1,0.4,0.222,0.2,0.5,0.333,0.333,0.1,0.3,0.429,0.2,0.4,0.6,0.3,0.2,0.0,0.6,0.6,0.7
Davidson Hubbard,Baylor,F,11,0,2.1,0.3,0.5,0.500,0.1,0.3,0.333,0.2,0.3,0.667,0.583,0.0,0.0,,0.1,0.5,0.5,0.0,0.0,0.1,0.1,0.1,0.6
Halvine Dzellat,Cincinnati,F,10,0,3.8,0.1,0.7,0.143,0.0,0.0,,0.1,0.7,0.143,0.143,0.4,0.6,0.667,0.3,0.4,0.7,0.0,0.2,0.1,0.1,0.8,0.6
Jerry Huang,Utah,G,9,0,2.1,0.2,0.6,0.400,0.0,0.2,0.000,0.2,0.3,0.667,0.400,0.1,0.2,0.500,0.1,0.1,0.2,0.1,0.0,0.0,0.0,0.0,0.6
Joul Karram,Utah,C,8,0,3.6,0.3,0.4,0.667,0.0,0.0,,0.3,0.4,0.667,0.667,0.1,0.3,0.500,0.5,0.9,1.4,0.4,0.0,0.0,0.3,0.8,0.6
Bobby Hurley,Arizona State,G,10,0,4.8,0.1,0.1,1.000,0.0,0.0,,0.1,0.1,1.000,1.000,0.3,0.4,0.750,0.2,0.0,0.2,0.0,0.1,0.0,0.0,1.1,0.5
Marino Dubravcic,Baylor,F,18,0,3.3,0.2,0.3,0.500,0.0,0.0,,0.2,0.3,0.500,0.500,0.2,0.3,0.500,0.2,0.2,0.4,0.0,0.1,0.0,0.2,0.4,0.5
Courtney Anderson,Colorado,G,4,0,4.0,0.3,1.0,0.250,0.0,0.5,0.000,0.3,0.5,0.500,0.250,0.0,0.0,,0.0,0.8,0.8,0.3,0.0,0.0,0.3,0.3,0.5
Haris Elezovic,West Virginia,F,13,0,4.2,0.2,0.5,0.429,0.0,0.1,0.000,0.2,0.5,0.500,0.429,0.0,0.0,,0.5,0.8,1.2,0.2,0.0,0.1,0.2,0.5,0.5
Kirk Cole,Oklahoma State,G,7,0,1.3,0.1,0.4,0.333,0.0,0.3,0.000,0.1,0.1,1.000,0.333,0.1,0.3,0.500,0.0,0.0,0.0,0.0,0.0,0.0,0.1,0.1,0.4
Brady Smith,Utah,G,9,0,2.0,0.2,1.0,0.222,0.0,0.2,0.000,0.2,0.8,0.286,0.222,0.0,0.1,0.000,0.0,0.1,0.1,0.1,0.0,0.0,0.0,0.0,0.4
Addison Arnold,Arizona,G,11,0,1.4,0.1,0.4,0.250,0.0,0.1,0.000,0.1,0.3,0.333,0.250,0.1,0.2,0.500,0.2,0.1,0.3,0.0,0.1,0.0,0.2,0.4,0.3
Jordan Williams,Arizona State,G,7,0,0.9,0.1,0.1,1.000,0.0,0.0,,0.1,0.1,1.000,1.000,0.0,0.0,,0.0,0.0,0.0,0.0,0.0,0.0,0.0,0.1,0.3
Liam Lloyd,Arizona,G,14,0,2.0,0.0,0.6,0.000,0.0,0.5,0.000,0.0,0.1,0.000,0.000,0.2,0.3,0.750,0.1,0.3,0.4,0.1,0.1,0.0,0.0,0.2,0.2
Will Menaugh,Arizona,F,11,0,1.1,0.1,0.2,0.500,0.0,0.0,,0.1,0.2,0.500,0.500,0.0,0.0,,0.1,0.1,0.2,0.0,0.0,0.0,0.1,0.0,0.2
Jack Francis,Texas Tech,G,11,0,1.9,0.1,0.3,0.333,0.0,0.2,0.000,0.1,0.1,1.000,0.333,0.0,0.0,,0.3,0.2,0.5,0.0,0.0,0.0,0.2,0.3,0.2
Leon Horner,Texas Tech,F,9,0,2.6,0.1,0.4,0.250,0.0,0.1,0.000,0.1,0.3,0.333,0.250,0.0,0.0,,0.2,0.3,0.6,0.0,0.1,0.1,0.1,0.2,0.2
Corbin Green,Texas Tech,F,9,0,1.4,0.0,0.0,,0.0,0.0,,0.0,0.0,,,0.1,0.2,0.500,0.2,0.2,0.4,0.1,0.1,0.1,0.1,0.0,0.1
Jackson Cook,Arizona,G,2,0,1.0,0.0,0.0,,0.0,0.0,,0.0,0.0,,,0.0,0.0,,0.0,0.5,0.5,0.0,0.0,0.0,0.0,0.0,0.0
Jackson Francois,Arizona,G,2,0,1.0,0.0,0.0,,0.0,0.0,,0.0,0.0,,,0.0,0.0,,0.5,0.0,0.5,0.0,0.0,0.0,0.0,0.5,0.0
Luke Champion,Arizona,F,9,0,1.6,0.0,0.3,0.000,0.0,0.3,0.000,0.0,0.0,,0.000,0.0,0.0,,0.0,0.2,0.2,0.0,0.0,0.0,0.0,0.0,0.0
Will Kuykendall,Arizona,G,3,0,1.0,0.0,0.0,,0.0,0.0,,0.0,0.0,,,0.0,0.0,,0.0,0.0,0.0,0.0,0.0,0.0,0.3,0.0,0.0
Chianti Clay,Arizona State,G,5,0,0.8,0.0,0.8,0.000,0.0,0.6,0.000,0.0,0.2,0.000,0.000,0.0,0.0,,0.0,0.2,0.2,0.0,0.0,0.0,0.0,0.2,0.0
Connor Braun,Arizona State,F,4,0,0.8,0.0,0.0,,0.0,0.0,,0.0,0.0,,,0.0,0.0,,0.0,0.0,0.0,0.0,0.0,0.0,0.0,0.0,0.0
Quentin McCoy,Arizona State,G,6,0,0.8,0.0,0.2,0.000,0.0,0.0,,0.0,0.2,0.000,0.000,0.0,0.0,,0.0,0.0,0.0,0.0,0.0,0.0,0.0,0.2,0.0
Max Triplett,Brigham Young,F,8,0,1.6,0.0,0.1,0.000,0.0,0.0,,0.0,0.1,0.000,0.000,0.0,0.0,,0.4,0.5,0.9,0.1,0.0,0.1,0.0,0.1,0.0
Townsend Tripple,Brigham Young,F,5,0,1.6,0.0,0.0,,0.0,0.0,,0.0,0.0,,,0.0,0.0,,0.2,0.2,0.4,0.0,0.0,0.2,0.2,0.2,0.0
Poohpha Warakulnukroh,UCF,G,4,0,1.0,0.0,0.0,,0.0,0.0,,0.0,0.0,,,0.0,0.5,0.000,0.0,0.5,0.5,0.3,0.3,0.0,0.3,0.0,0.0
Grady Whitt,Colorado,G,1,0,3.0,0.0,0.0,,0.0,0.0,,0.0,0.0,,,0.0,0.0,,0.0,0.0,0.0,0.0,1.0,0.0,0.0,0.0,0.0
Greg Gerhardt,Colorado,F,1,0,3.0,0.0,3.0,0.000,0.0,2.0,0.000,0.0,1.0,0.000,0.000,0.0,0.0,,1.0,0.0,1.0,0.0,0.0,0.0,0.0,1.0,0.0
Conrad Hawley,Iowa State,F,2,0,1.0,0.0,0.5,0.000,0.0,0.0,,0.0,0.5,0.000,0.000,0.0,0.0,,0.0,0.0,0.0,0.0,0.0,0.0,0.0,0.0,0.0
Patrick Cassidy,Kansas,G,5,0,2.4,0.0,1.2,0.000,0.0,1.2,0.000,0.0,0.0,,0.000,0.0,0.0,,0.0,0.2,0.2,0.2,0.0,0.0,0.2,0.4,0.0
Will Thengvall,Kansas,G,3,0,2.0,0.0,0.0,,0.0,0.0,,0.0,0.0,,,0.0,0.0,,0.0,0.3,0.3,0.3,0.0,0.0,0.0,0.0,0.0
Spencer Bain,Kansas State,G,6,0,1.3,0.0,0.5,0.000,0.0,0.5,0.000,0.0,0.0,,0.000,0.0,0.0,,0.2,0.0,0.2,0.0,0.0,0.0,0.2,0.2,0.0
Jaxton Bobik,Oklahoma State,F,1,0,2.0,0.0,0.0,,0.0,0.0,,0.0,0.0,,,0.0,0.0,,0.0,0.0,0.0,0.0,0.0,0.0,0.0,0.0,0.0
Trey Stuart,TCU,G,2,0,1.0,0.0,0.5,0.000,0.0,0.0,,0.0,0.5,0.000,0.000,0.0,0.0,,0.0,0.5,0.5,0.0,0.0,0.0,0.0,0.0,0.0
Aden Tagaloa-Nelson,West Virginia,G,1,0,2.0,0.0,1.0,0.000,0.0,0.0,,0.0,1.0,0.000,0.000,0.0,0.0,,0.0,1.0,1.0,0.0,0.0,0.0,0.0,0.0,0.0
League Average,,,,,,,,0.450,,,0.344,,,0.519,0.517,,,0.724,,,,,,,,,